-- phpMyAdmin SQL Dump
-- version 5.1.3
-- https://www.phpmyadmin.net/
--
-- Host: 127.0.0.1
-- Generation Time: May 23, 2022 at 12:57 AM
-- Server version: 10.4.24-MariaDB
-- PHP Version: 7.4.28

SET SQL_MODE = "NO_AUTO_VALUE_ON_ZERO";
START TRANSACTION;
SET time_zone = "+00:00";


/*!40101 SET @OLD_CHARACTER_SET_CLIENT=@@CHARACTER_SET_CLIENT */;
/*!40101 SET @OLD_CHARACTER_SET_RESULTS=@@CHARACTER_SET_RESULTS */;
/*!40101 SET @OLD_COLLATION_CONNECTION=@@COLLATION_CONNECTION */;
/*!40101 SET NAMES utf8mb4 */;

--
-- Database: `bms`
--
CREATE DATABASE IF NOT EXISTS `bms` DEFAULT CHARACTER SET utf8mb4 COLLATE utf8mb4_general_ci;
USE `bms`;

DELIMITER $$
--
-- Procedures
--
DROP PROCEDURE IF EXISTS `displayDistrict`$$
CREATE DEFINER=`root`@`localhost` PROCEDURE `displayDistrict` ()   BEGIN
select * from districts;
END$$

DROP PROCEDURE IF EXISTS `displayRegion`$$
CREATE DEFINER=`root`@`localhost` PROCEDURE `displayRegion` ()   BEGIN
select * from regions;
END$$

DROP PROCEDURE IF EXISTS `displayRegionDisricttWard`$$
CREATE DEFINER=`root`@`localhost` PROCEDURE `displayRegionDisricttWard` (IN `region` INT, IN `district` INT, IN `ward` INT)   BEGIN
select regions.regionName, districts.districtName, wards.wardName 
from wards join districts on wards.fkDistrictId = districts.districtId 
join regions on districts.fkRegionId = regions.regionId
where regions.regionId = region and
districts.districtId = district and
wards.wardId = ward;
END$$

DROP PROCEDURE IF EXISTS `displayWard`$$
CREATE DEFINER=`root`@`localhost` PROCEDURE `displayWard` ()   BEGIN
select * from wards;
END$$

DROP PROCEDURE IF EXISTS `districtRegion`$$
CREATE DEFINER=`root`@`localhost` PROCEDURE `districtRegion` (IN `region` INT)   BEGIN
select regions.regionName, districts.districtName, districts.districtId from districts join regions on districts.fkRegionId = regions.regionId where districts.fkRegionId = region;
END$$

DROP PROCEDURE IF EXISTS `wardDistrict`$$
CREATE DEFINER=`root`@`localhost` PROCEDURE `wardDistrict` (IN `district` INT)   BEGIN
select districts.districtName, wards.wardName, wards.wardId from wards join districts on wards.fkDistrictId = districts.districtId where wards.fkDistrictId = district;
END$$

DROP PROCEDURE IF EXISTS `wardDistrictRegion`$$
CREATE DEFINER=`root`@`localhost` PROCEDURE `wardDistrictRegion` (IN `region` INT)   BEGIN
select regions.regionName, districts.districtName, wards.wardName 
from wards join districts on wards.fkDistrictId = districts.districtId 
join regions on districts.fkRegionId = regions.regionId
where regions.regionId = region;
END$$

--
-- Functions
--
DROP FUNCTION IF EXISTS `userId`$$
CREATE DEFINER=`root`@`localhost` FUNCTION `userId` (`userID` INT) RETURNS INT(11)  BEGIN

RETURN userID;
END$$

DELIMITER ;

-- --------------------------------------------------------

--
-- Table structure for table `activitylogs`
--
-- Creation: May 22, 2022 at 10:32 PM
--

DROP TABLE IF EXISTS `activitylogs`;
CREATE TABLE IF NOT EXISTS `activitylogs` (
  `activityLogsId` int(11) NOT NULL AUTO_INCREMENT,
  `activityLogsDate` datetime NOT NULL DEFAULT current_timestamp(),
  `activityLogsType` varchar(45) NOT NULL,
  `loggedDescription` varchar(45) NOT NULL,
  `loggedTable` varchar(45) NOT NULL,
  `activityLogsStatus` varchar(45) NOT NULL DEFAULT 'ACTIVE',
  `usersFkId` int(11) DEFAULT NULL,
  PRIMARY KEY (`activityLogsId`),
  KEY `usersFkId` (`usersFkId`)
) ENGINE=InnoDB DEFAULT CHARSET=utf8mb4;

--
-- RELATIONSHIPS FOR TABLE `activitylogs`:
--

-- --------------------------------------------------------

--
-- Table structure for table `admin`
--
-- Creation: May 22, 2022 at 09:10 PM
--

DROP TABLE IF EXISTS `admin`;
CREATE TABLE IF NOT EXISTS `admin` (
  `adminId` int(11) NOT NULL AUTO_INCREMENT,
  `adminFirstName` varchar(45) DEFAULT NULL,
  `adminLastName` varchar(45) DEFAULT NULL,
  `adminEmail` varchar(45) DEFAULT NULL,
  `adminContact` varchar(45) DEFAULT NULL,
  `adminStatus` varchar(45) NOT NULL DEFAULT 'PENDING',
  `regissteredAt` datetime NOT NULL DEFAULT current_timestamp(),
  PRIMARY KEY (`adminId`)
) ENGINE=InnoDB DEFAULT CHARSET=utf8mb4;

--
-- RELATIONSHIPS FOR TABLE `admin`:
--

--
-- Triggers `admin`
--
DROP TRIGGER IF EXISTS `admin_AFTER_DELETE`;
DELIMITER $$
CREATE TRIGGER `admin_AFTER_DELETE` AFTER DELETE ON `admin` FOR EACH ROW BEGIN
INSERT INTO `activitylogs`(`activityLogsType`,`loggedDescription`, `loggedTable`, `usersFkId`)
VALUES ('DELETE', 'A USER HAS DELETED A RECORD TO THIS TABLE', 'ADMIN', old.adminId);
END
$$
DELIMITER ;
DROP TRIGGER IF EXISTS `admin_AFTER_INSERT`;
DELIMITER $$
CREATE TRIGGER `admin_AFTER_INSERT` AFTER INSERT ON `admin` FOR EACH ROW BEGIN
INSERT INTO users (`usersName`, `usersPassword`, `usersFkey`, `usersRole`)
VALUES (new.adminEmail,new.adminContact,new.adminId,1);

INSERT INTO `activitylogs`(`activityLogsType`,`loggedDescription`, `loggedTable`, `usersFkId`)
VALUES ('INSERT', 'A USER HAS INSERTED A RECORD TO THIS TABLE', 'ADMIN', new.adminId);
END
$$
DELIMITER ;
DROP TRIGGER IF EXISTS `admin_AFTER_UPDATE`;
DELIMITER $$
CREATE TRIGGER `admin_AFTER_UPDATE` AFTER UPDATE ON `admin` FOR EACH ROW BEGIN
INSERT INTO `activitylogs`(`activityLogsType`,`loggedDescription`, `loggedTable`, `usersFkId`)
VALUES ('UPDATE', 'A USER HAS UPPDATED A RECORD TO THIS TABLE', 'ADMIN', old.adminId);
END
$$
DELIMITER ;

-- --------------------------------------------------------

--
-- Table structure for table `bar`
--
-- Creation: May 22, 2022 at 10:32 PM
--

DROP TABLE IF EXISTS `bar`;
CREATE TABLE IF NOT EXISTS `bar` (
  `barId` int(11) NOT NULL AUTO_INCREMENT,
  `barName` varchar(45) DEFAULT NULL,
  `brellaNumber` int(11) DEFAULT NULL,
  `barOwner` varchar(45) DEFAULT NULL,
  `barContact` varchar(45) DEFAULT NULL,
  `barEmail` varchar(45) DEFAULT NULL,
  `employeeNumber` int(11) DEFAULT NULL,
  `employeesRegistered` int(11) DEFAULT NULL,
  `barRegion` varchar(45) DEFAULT NULL,
  `barDistrict` varchar(45) DEFAULT NULL,
  `barWard` varchar(45) DEFAULT NULL,
  `barStatus` varchar(45) DEFAULT 'ACTIVE',
  `createdAt` datetime DEFAULT current_timestamp(),
  PRIMARY KEY (`barId`),
  KEY `barRegion` (`barRegion`),
  KEY `barDistrict` (`barDistrict`),
  KEY `barWard` (`barWard`),
  KEY `brellaNumber` (`brellaNumber`)
) ENGINE=InnoDB DEFAULT CHARSET=utf8mb4;

--
-- RELATIONSHIPS FOR TABLE `bar`:
--

--
-- Triggers `bar`
--
DROP TRIGGER IF EXISTS `bar_AFTER_DELETE`;
DELIMITER $$
CREATE TRIGGER `bar_AFTER_DELETE` AFTER DELETE ON `bar` FOR EACH ROW BEGIN
INSERT INTO `activitylogs`(`activityLogsType`,`loggedDescription`, `loggedTable`)
VALUES ('DELETE', 'A USER HAS DELETED A RECORD TO THIS TABLE', 'BAR');
END
$$
DELIMITER ;
DROP TRIGGER IF EXISTS `bar_AFTER_INSERT`;
DELIMITER $$
CREATE TRIGGER `bar_AFTER_INSERT` AFTER INSERT ON `bar` FOR EACH ROW BEGIN
INSERT INTO `activitylogs`(`activityLogsType`,`loggedDescription`, `loggedTable`)
VALUES ('INSERT', 'A USER HAS INSERTED A RECORD TO THIS TABLE', 'BAR');
END
$$
DELIMITER ;
DROP TRIGGER IF EXISTS `bar_AFTER_UPDATE`;
DELIMITER $$
CREATE TRIGGER `bar_AFTER_UPDATE` AFTER UPDATE ON `bar` FOR EACH ROW BEGIN
INSERT INTO `activitylogs`(`activityLogsType`,`loggedDescription`, `loggedTable`)
VALUES ('UPDATE', 'A USER HAS UPDATED A RECORD TO THIS TABLE', 'BAR');
END
$$
DELIMITER ;

-- --------------------------------------------------------

--
-- Table structure for table `cart`
--
-- Creation: May 22, 2022 at 10:41 PM
--

DROP TABLE IF EXISTS `cart`;
CREATE TABLE IF NOT EXISTS `cart` (
  `cartId` int(11) NOT NULL AUTO_INCREMENT,
  `usersId` int(11) DEFAULT NULL,
  `productFkId` int(11) DEFAULT NULL,
  `quantity` varchar(45) DEFAULT NULL,
  `totalPrice` decimal(10,2) DEFAULT NULL,
  `cartStatus` varchar(45) NOT NULL DEFAULT 'SUBMITTED',
  `createdAt` datetime NOT NULL DEFAULT current_timestamp(),
  PRIMARY KEY (`cartId`),
  KEY `productFkId` (`productFkId`),
  KEY `usersId` (`usersId`)
) ENGINE=InnoDB DEFAULT CHARSET=utf8mb4;

--
-- RELATIONSHIPS FOR TABLE `cart`:
--   `usersId`
--       `users` -> `userId`
--   `productFkId`
--       `products` -> `productsId`
--

--
-- Triggers `cart`
--
DROP TRIGGER IF EXISTS `cart_AFTER_DELETE`;
DELIMITER $$
CREATE TRIGGER `cart_AFTER_DELETE` AFTER DELETE ON `cart` FOR EACH ROW BEGIN
INSERT INTO `activitylogs`(`activityLogsType`,`loggedDescription`, `loggedTable`)
VALUES ('DELETE', 'A USER HAS DELETED A RECORD TO THIS TABLE', 'CART');
END
$$
DELIMITER ;
DROP TRIGGER IF EXISTS `cart_AFTER_INSERT`;
DELIMITER $$
CREATE TRIGGER `cart_AFTER_INSERT` AFTER INSERT ON `cart` FOR EACH ROW BEGIN
INSERT INTO `activitylogs`(`activityLogsType`,`loggedDescription`, `loggedTable`)
VALUES ('INSERT', 'A USER HAS INSERTED A RECORD TO THIS TABLE', 'CART');
END
$$
DELIMITER ;
DROP TRIGGER IF EXISTS `cart_AFTER_UPDATE`;
DELIMITER $$
CREATE TRIGGER `cart_AFTER_UPDATE` AFTER UPDATE ON `cart` FOR EACH ROW BEGIN
INSERT INTO `activitylogs`(`activityLogsType`,`loggedDescription`, `loggedTable`)
VALUES ('UPDATE', 'A USER HAS UPDATED A RECORD TO THIS TABLE', 'CART');
END
$$
DELIMITER ;

-- --------------------------------------------------------

--
-- Table structure for table `customers`
--
-- Creation: May 22, 2022 at 10:33 PM
--

DROP TABLE IF EXISTS `customers`;
CREATE TABLE IF NOT EXISTS `customers` (
  `customersId` int(11) NOT NULL AUTO_INCREMENT,
  `customersFirstName` varchar(45) DEFAULT NULL,
  `customersLastName` varchar(45) DEFAULT NULL,
  `customersEmail` varchar(45) DEFAULT NULL,
  `customersRef` varchar(255) DEFAULT NULL,
  `customersGender` varchar(45) DEFAULT NULL,
  `customersContact` varchar(45) DEFAULT NULL,
  `customersRegion` varchar(45) DEFAULT NULL,
  `customersDistrict` varchar(45) DEFAULT NULL,
  `customersWard` varchar(45) DEFAULT NULL,
  `customersStatus` varchar(45) DEFAULT 'PENDING',
  `registeredAt` datetime NOT NULL DEFAULT current_timestamp(),
  PRIMARY KEY (`customersId`),
  KEY `customersRegion` (`customersRegion`)
) ENGINE=InnoDB AUTO_INCREMENT=12 DEFAULT CHARSET=utf8mb4;

--
-- RELATIONSHIPS FOR TABLE `customers`:
--

--
-- Triggers `customers`
--
DROP TRIGGER IF EXISTS `customers_AFTER_DELETE`;
DELIMITER $$
CREATE TRIGGER `customers_AFTER_DELETE` AFTER DELETE ON `customers` FOR EACH ROW BEGIN
INSERT INTO `activitylogs`(`activityLogsType`,`loggedDescription`, `loggedTable`, `usersFkId`)
VALUES ('DELETE', 'A USER HAS DELETED A RECORD TO THIS TABLE', 'CUSTOMER', old.customersId);
END
$$
DELIMITER ;
DROP TRIGGER IF EXISTS `customers_AFTER_INSERT`;
DELIMITER $$
CREATE TRIGGER `customers_AFTER_INSERT` AFTER INSERT ON `customers` FOR EACH ROW BEGIN
INSERT INTO users (`username`, `userPassword`, `userFkey`, `usersRole`)
VALUES (new.customersEmail,new.customersRef,new.customersId,3);

INSERT INTO `activitylogs`(`activityLogsType`,`loggedDescription`, `loggedTable`, `usersFkId`)
VALUES ('INSERT', 'A USER HAS INSERTED A RECORD TO THIS TABLE', 'CUSTOMER', new.customersId);
END
$$
DELIMITER ;
DROP TRIGGER IF EXISTS `customers_AFTER_UPDATE`;
DELIMITER $$
CREATE TRIGGER `customers_AFTER_UPDATE` AFTER UPDATE ON `customers` FOR EACH ROW BEGIN
INSERT INTO `activitylogs`(`activityLogsType`,`loggedDescription`, `loggedTable`, `usersFkId`)
VALUES ('UPDATE', 'A USER HAS UPDATED A RECORD TO THIS TABLE', 'CUSTOMER', new.customersId);
END
$$
DELIMITER ;

-- --------------------------------------------------------

--
-- Table structure for table `departments`
--
-- Creation: May 22, 2022 at 09:11 PM
--

DROP TABLE IF EXISTS `departments`;
CREATE TABLE IF NOT EXISTS `departments` (
  `departmentsId` int(11) NOT NULL AUTO_INCREMENT,
  `departmentsName` varchar(45) DEFAULT NULL,
  `departmentsDescription` varchar(45) DEFAULT NULL,
  `departmentsStatus` varchar(45) DEFAULT 'ACTIVE',
  `createdAt` datetime NOT NULL DEFAULT current_timestamp(),
  PRIMARY KEY (`departmentsId`)
) ENGINE=InnoDB DEFAULT CHARSET=utf8mb4;

--
-- RELATIONSHIPS FOR TABLE `departments`:
--

--
-- Triggers `departments`
--
DROP TRIGGER IF EXISTS `departments_AFTER_DELETE`;
DELIMITER $$
CREATE TRIGGER `departments_AFTER_DELETE` AFTER DELETE ON `departments` FOR EACH ROW BEGIN
INSERT INTO `activitylogs`(`activityLogsType`,`loggedDescription`, `loggedTable`)
VALUES ('DELETE', 'A USER HAS DELETED A RECORD TO THIS TABLE', 'DEPARTMENTS');
END
$$
DELIMITER ;
DROP TRIGGER IF EXISTS `departments_AFTER_INSERT`;
DELIMITER $$
CREATE TRIGGER `departments_AFTER_INSERT` AFTER INSERT ON `departments` FOR EACH ROW BEGIN
INSERT INTO `activitylogs`(`activityLogsType`,`loggedDescription`, `loggedTable`)
VALUES ('INSERT', 'A USER HAS INSERTED A RECORD TO THIS TABLE', 'DEPARTMENTS');
END
$$
DELIMITER ;
DROP TRIGGER IF EXISTS `departments_AFTER_UPDATE`;
DELIMITER $$
CREATE TRIGGER `departments_AFTER_UPDATE` AFTER UPDATE ON `departments` FOR EACH ROW BEGIN
INSERT INTO `activitylogs`(`activityLogsType`,`loggedDescription`, `loggedTable`)
VALUES ('UPDATE', 'A USER HAS UPDATED A RECORD TO THIS TABLE', 'DEPARTMENTS');
END
$$
DELIMITER ;

-- --------------------------------------------------------

--
-- Table structure for table `districts`
--
-- Creation: May 22, 2022 at 10:22 PM
--

DROP TABLE IF EXISTS `districts`;
CREATE TABLE IF NOT EXISTS `districts` (
  `districtId` int(11) NOT NULL AUTO_INCREMENT,
  `districtName` varchar(45) NOT NULL,
  `fkRegionId` int(11) NOT NULL,
  PRIMARY KEY (`districtId`),
  KEY `fkRegionId` (`fkRegionId`)
) ENGINE=InnoDB AUTO_INCREMENT=179 DEFAULT CHARSET=utf8mb4;

--
-- RELATIONSHIPS FOR TABLE `districts`:
--   `fkRegionId`
--       `regions` -> `regionId`
--

--
-- Dumping data for table `districts`
--

INSERT INTO `districts` (`districtId`, `districtName`, `fkRegionId`) VALUES
(1, 'ARUMERU', 1),
(2, 'ARUSHA', 1),
(3, 'ARUSHA CBD', 1),
(4, 'KARATU', 1),
(5, 'LONGIDO', 1),
(6, 'MERU', 1),
(7, 'MONDULI', 1),
(8, 'NGORONGORO', 1),
(9, 'ILALA', 2),
(10, 'ILALA CBD', 2),
(11, 'KIGAMBONI', 2),
(12, 'KINONDONI', 2),
(13, 'TEMEKE', 2),
(14, 'UBUNGO', 2),
(15, 'BAHI', 3),
(16, 'CHAMWINO', 3),
(17, 'CHEMBA', 3),
(18, 'DODOMA', 3),
(19, 'DODOMA CBD', 3),
(20, 'KONDOA', 3),
(21, 'KONGWA', 3),
(22, 'MPWAPWA', 3),
(23, 'BUKOMBE', 4),
(24, 'CHATO', 4),
(25, 'GEITA', 4),
(26, 'MBOGWE', 4),
(27, 'NYANGHWALE', 4),
(28, 'IRINGA', 5),
(29, 'IRINGA CBD', 5),
(30, 'KILOLO', 5),
(31, 'MUFINDI', 5),
(32, 'BIHARAMULO', 6),
(33, 'BUKOBA', 6),
(34, 'BUKOBA CBD', 6),
(35, 'KARAGWE', 6),
(36, 'KYERWA', 6),
(37, 'MISENYI', 6),
(38, 'MULEBA', 6),
(39, 'NGARA', 6),
(40, 'MICHEWENI', 8),
(41, 'WETE', 8),
(42, 'KASKAZINI A', 7),
(43, 'KASKAZINI B', 7),
(44, 'MLELE', 9),
(45, 'MPANDA', 9),
(46, 'MPANDA -CBD', 9),
(47, 'PWANI', 9),
(48, 'TANGANYIKA', 9),
(49, 'BUHIGWE', 10),
(50, 'KAKONKO', 10),
(51, 'KASULU', 10),
(52, 'KIBONDO', 10),
(53, 'KIGOMA', 10),
(54, 'KIGOMA CBD', 10),
(55, 'UVINZA', 10),
(56, 'HAI', 11),
(57, 'MOSHI', 11),
(58, 'MOSHI CBD', 11),
(59, 'MWANGA', 11),
(60, 'ROMBO', 11),
(61, 'SAME', 11),
(62, 'SIHA', 11),
(63, 'CHAKE CHAKE', 12),
(64, 'MKOANI', 12),
(65, 'KATI', 13),
(66, 'KUSINI', 13),
(67, 'KILWA', 14),
(68, 'LINDI', 14),
(69, 'LINDI CBD', 14),
(70, 'LIWALE', 14),
(71, 'NACHINGWEA', 14),
(72, 'RUANGWA', 14),
(73, 'DIMANI', 15),
(74, 'MFENESINI', 15),
(75, 'BABATI', 16),
(76, 'BABATI CBD', 16),
(77, 'HANANG', 16),
(78, 'KITETO', 16),
(79, 'MBULU', 16),
(80, 'SIMANJIRO', 16),
(81, 'BUNDA', 17),
(82, 'BUTIAMA', 17),
(83, 'MUSOMA', 17),
(84, 'MUSOMA CBD', 17),
(85, 'RORYA', 17),
(86, 'SERENGETI', 17),
(87, 'TARIME', 17),
(88, 'CHUNYA', 18),
(89, 'KYELA', 18),
(90, 'MBARALI', 18),
(91, 'MBEYA', 18),
(92, 'MBEYA CBD', 18),
(93, 'RUNGWE', 18),
(94, 'AMANI', 19),
(95, 'MJINI', 19),
(96, 'GAIRO', 20),
(97, 'KILOMBERO', 20),
(98, 'KILOSA', 20),
(99, 'MALINYI', 20),
(100, 'MOROGORO', 20),
(101, 'MOROGORO CBD', 20),
(102, 'MVOMERO', 20),
(103, 'ULANGA', 20),
(104, 'MASASI', 21),
(105, 'MTWARA', 21),
(106, 'MTWARA CBD', 21),
(107, 'NANYUMBU', 21),
(108, 'NEWALA', 21),
(109, 'TANDAHIMBA', 21),
(110, 'BUCHOSA', 22),
(111, 'ILEMELA', 22),
(112, 'KWIMBA', 22),
(113, 'MAGU', 22),
(114, 'MISUNGWI', 22),
(115, 'NYAMAGANA', 22),
(116, 'SENGEREMA', 22),
(117, 'UKEREWE', 22),
(118, 'LUDEWA', 23),
(119, 'MAKETE', 23),
(120, 'NJOMBE', 23),
(121, 'NJOMBE CBD', 23),
(122, 'WANGINGOMBE', 23),
(123, 'BAGAMOYO', 24),
(124, 'KIBAHA', 24),
(125, 'KIBAHA CBD', 24),
(126, 'KIBITI', 24),
(127, 'KISARAWE', 24),
(128, 'MAFIA', 24),
(129, 'MKURANGA', 24),
(130, 'RUFIJI', 24),
(131, 'KALAMBO', 25),
(132, 'NKASI', 25),
(133, 'SUMBAWANGA', 25),
(134, 'SUMBAWANGA CBD', 25),
(135, 'MADABA', 26),
(136, 'MBINGA', 26),
(137, 'MBINGA CBD', 26),
(138, 'NAMTUMBO', 26),
(139, 'NYASA', 26),
(140, 'SONGEA', 26),
(141, 'SONGEA CBD', 26),
(142, 'TUNDURU', 26),
(143, 'KAHAMA', 27),
(144, 'KISHAPU', 27),
(145, 'SHINYANGA', 27),
(146, 'SHINYANGA CBD', 27),
(147, 'BARIADI', 28),
(148, 'BUSEGA', 28),
(149, 'ITILIMA', 28),
(150, 'MASWA', 28),
(151, 'MEATU', 28),
(152, 'IKUNGI', 29),
(153, 'IRAMBA', 29),
(154, 'MANYONI', 29),
(155, 'MKALAMA', 29),
(156, 'SINGIDA', 29),
(157, 'SINGIDA CBD', 29),
(158, 'ILEJE', 30),
(159, 'MBOZI', 30),
(160, 'MOMBA', 30),
(161, 'SONGWE', 30),
(162, 'IGUNGA', 31),
(163, 'KALIUA', 31),
(164, 'NZEGA', 31),
(165, 'SIKONGE', 31),
(166, 'TABORA CBD', 31),
(167, 'URAMBO', 31),
(168, 'UYUI', 31),
(169, 'HANDENI', 32),
(170, 'KILINDI', 32),
(171, 'KOROGWE', 32),
(172, 'KOROGWE CBD', 32),
(173, 'LUSHOTO', 32),
(174, 'MKINGA', 32),
(175, 'MUHEZA', 32),
(176, 'PANGANI', 32),
(177, 'TANGA', 32),
(178, 'TANGA CBD', 32);

-- --------------------------------------------------------

--
-- Table structure for table `employee`
--
-- Creation: May 22, 2022 at 10:33 PM
--

DROP TABLE IF EXISTS `employee`;
CREATE TABLE IF NOT EXISTS `employee` (
  `employeeId` int(11) NOT NULL AUTO_INCREMENT,
  `employeeFirstName` varchar(45) DEFAULT NULL,
  `employeeLastName` varchar(45) DEFAULT NULL,
  `employeeEmail` varchar(45) DEFAULT NULL,
  `employeeContact` varchar(45) DEFAULT NULL,
  `employeeGender` varchar(45) DEFAULT NULL,
  `employeeTitle` varchar(45) DEFAULT NULL,
  `employeeDoB` date DEFAULT NULL,
  `employeeRegion` varchar(45) DEFAULT NULL,
  `employeeDistrict` varchar(45) DEFAULT NULL,
  `employeeWard` varchar(45) DEFAULT NULL,
  `employeedBar` int(11) NOT NULL,
  `employeeDepartmentId` int(11) NOT NULL,
  `employeeStatus` varchar(45) DEFAULT 'ACTIVE',
  `registeredAt` varchar(45) DEFAULT 'now()',
  PRIMARY KEY (`employeeId`),
  KEY `employeedBar` (`employeedBar`),
  KEY `employeeDepartmentId` (`employeeDepartmentId`),
  KEY `employeeRegion` (`employeeRegion`)
) ENGINE=InnoDB DEFAULT CHARSET=utf8mb4;

--
-- RELATIONSHIPS FOR TABLE `employee`:
--   `employeeDepartmentId`
--       `departments` -> `departmentsId`
--   `employeedBar`
--       `bar` -> `barId`
--

--
-- Triggers `employee`
--
DROP TRIGGER IF EXISTS `employee_AFTER_DELETE`;
DELIMITER $$
CREATE TRIGGER `employee_AFTER_DELETE` AFTER DELETE ON `employee` FOR EACH ROW BEGIN
INSERT INTO `activitylogs`(`activityLogsType`,`loggedDescription`, `loggedTable`, `usersFkId`)
VALUES ('DELETE', 'A USER HAS DELETED A RECORD TO THIS TABLE', 'EMPLOYEE',old.employeeId);
END
$$
DELIMITER ;
DROP TRIGGER IF EXISTS `employee_AFTER_INSERT`;
DELIMITER $$
CREATE TRIGGER `employee_AFTER_INSERT` AFTER INSERT ON `employee` FOR EACH ROW BEGIN
INSERT INTO users (`username`, `userPassword`, `userFkey`, `usersRole`)
VALUES (new.employeeEmail,new.employeeContact,new.employeeId,2);

INSERT INTO `activitylogs`(`activityLogsType`,`loggedDescription`, `loggedTable`, `usersFkId`)
VALUES ('INSERT', 'A USER HAS INSERTED A RECORD TO THIS TABLE', 'EMPLOYEE', new.employeeId);
END
$$
DELIMITER ;
DROP TRIGGER IF EXISTS `employee_AFTER_UPDATE`;
DELIMITER $$
CREATE TRIGGER `employee_AFTER_UPDATE` AFTER UPDATE ON `employee` FOR EACH ROW BEGIN
INSERT INTO `activitylogs`(`activityLogsType`,`loggedDescription`, `loggedTable`, `usersFkId`)
VALUES ('UPDATE', 'A USER HAS UPDATED A RECORD TO THIS TABLE', 'EMPLOYEE',old.employeeId);
END
$$
DELIMITER ;

-- --------------------------------------------------------

--
-- Table structure for table `images`
--
-- Creation: May 22, 2022 at 09:13 PM
--

DROP TABLE IF EXISTS `images`;
CREATE TABLE IF NOT EXISTS `images` (
  `imagesId` int(11) NOT NULL AUTO_INCREMENT,
  `imagesFileName` varchar(45) DEFAULT NULL,
  `uploadedOn` varchar(45) DEFAULT NULL,
  `imagesStatus` varchar(45) NOT NULL DEFAULT 'ACTIVE',
  PRIMARY KEY (`imagesId`)
) ENGINE=InnoDB DEFAULT CHARSET=utf8mb4;

--
-- RELATIONSHIPS FOR TABLE `images`:
--

--
-- Triggers `images`
--
DROP TRIGGER IF EXISTS `images_AFTER_DELETE`;
DELIMITER $$
CREATE TRIGGER `images_AFTER_DELETE` AFTER DELETE ON `images` FOR EACH ROW BEGIN
INSERT INTO `activitylogs`(`activityLogsType`,`loggedDescription`, `loggedTable`)
VALUES ('DELETE', 'A USER HAS DELETED A RECORD TO THIS TABLE', 'IMAGES');
END
$$
DELIMITER ;
DROP TRIGGER IF EXISTS `images_AFTER_INSERT`;
DELIMITER $$
CREATE TRIGGER `images_AFTER_INSERT` AFTER INSERT ON `images` FOR EACH ROW BEGIN
INSERT INTO `activitylogs`(`activityLogsType`,`loggedDescription`, `loggedTable`)
VALUES ('INSERT', 'A USER HAS INSERTED A RECORD TO THIS TABLE', 'IMAGES');
END
$$
DELIMITER ;
DROP TRIGGER IF EXISTS `images_AFTER_UPDATE`;
DELIMITER $$
CREATE TRIGGER `images_AFTER_UPDATE` AFTER UPDATE ON `images` FOR EACH ROW BEGIN
INSERT INTO `activitylogs`(`activityLogsType`,`loggedDescription`, `loggedTable`)
VALUES ('UPDATE', 'A USER HAS UPDATED A RECORD TO THIS TABLE', 'IMAGES');
END
$$
DELIMITER ;

-- --------------------------------------------------------

--
-- Table structure for table `orders`
--
-- Creation: May 22, 2022 at 10:15 PM
--

DROP TABLE IF EXISTS `orders`;
CREATE TABLE IF NOT EXISTS `orders` (
  `ordersId` int(11) NOT NULL AUTO_INCREMENT,
  `cartFkId` int(11) DEFAULT NULL,
  `ordersTableNumber` varchar(45) DEFAULT NULL,
  `ordersStatus` varchar(45) DEFAULT 'PENDING',
  `createdAt` datetime NOT NULL DEFAULT current_timestamp(),
  PRIMARY KEY (`ordersId`),
  KEY `cartFkId` (`cartFkId`)
) ENGINE=InnoDB DEFAULT CHARSET=utf8mb4;

--
-- RELATIONSHIPS FOR TABLE `orders`:
--   `cartFkId`
--       `cart` -> `cartId`
--

--
-- Triggers `orders`
--
DROP TRIGGER IF EXISTS `orders_AFTER_DELETE`;
DELIMITER $$
CREATE TRIGGER `orders_AFTER_DELETE` AFTER DELETE ON `orders` FOR EACH ROW BEGIN
INSERT INTO `activitylogs`(`activityLogsType`,`loggedDescription`, `loggedTable`)
VALUES ('DELETE', 'A USER HAS DELETED A RECORD TO THIS TABLE', 'ORDERS');
END
$$
DELIMITER ;
DROP TRIGGER IF EXISTS `orders_AFTER_INSERT`;
DELIMITER $$
CREATE TRIGGER `orders_AFTER_INSERT` AFTER INSERT ON `orders` FOR EACH ROW BEGIN
INSERT INTO `activitylogs`(`activityLogsType`,`loggedDescription`, `loggedTable`)
VALUES ('INSERT', 'A USER HAS INSERTED A RECORD TO THIS TABLE', 'ORDERS');
END
$$
DELIMITER ;
DROP TRIGGER IF EXISTS `orders_AFTER_UPDATE`;
DELIMITER $$
CREATE TRIGGER `orders_AFTER_UPDATE` AFTER UPDATE ON `orders` FOR EACH ROW BEGIN
INSERT INTO `activitylogs`(`activityLogsType`,`loggedDescription`, `loggedTable`)
VALUES ('UPDATE', 'A USER HAS UPDATED A RECORD TO THIS TABLE', 'ORDERS');
END
$$
DELIMITER ;

-- --------------------------------------------------------

--
-- Table structure for table `payment`
--
-- Creation: May 22, 2022 at 10:29 PM
--

DROP TABLE IF EXISTS `payment`;
CREATE TABLE IF NOT EXISTS `payment` (
  `paymentId` int(11) NOT NULL AUTO_INCREMENT,
  `paymentTitle` varchar(45) DEFAULT NULL,
  `paymentAmount` decimal(10,2) DEFAULT NULL,
  `orderId` int(11) DEFAULT NULL,
  `paymentStatus` varchar(45) DEFAULT 'PAID',
  `creadedAt` datetime NOT NULL DEFAULT current_timestamp(),
  PRIMARY KEY (`paymentId`),
  KEY `orderId` (`orderId`)
) ENGINE=InnoDB DEFAULT CHARSET=utf8mb4;

--
-- RELATIONSHIPS FOR TABLE `payment`:
--   `orderId`
--       `orders` -> `ordersId`
--

--
-- Triggers `payment`
--
DROP TRIGGER IF EXISTS `payment_AFTER_DELETE`;
DELIMITER $$
CREATE TRIGGER `payment_AFTER_DELETE` AFTER DELETE ON `payment` FOR EACH ROW BEGIN
INSERT INTO `activitylogs`(`activityLogsType`,`loggedDescription`, `loggedTable`)
VALUES ('DELETE', 'A USER HAS DELETED A RECORD TO THIS TABLE', 'PAYMENT');
END
$$
DELIMITER ;
DROP TRIGGER IF EXISTS `payment_AFTER_INSERT`;
DELIMITER $$
CREATE TRIGGER `payment_AFTER_INSERT` AFTER INSERT ON `payment` FOR EACH ROW BEGIN
INSERT INTO `activitylogs`(`activityLogsType`,`loggedDescription`, `loggedTable`)
VALUES ('INSERT', 'A USER HAS INSERTED A RECORD TO THIS TABLE', 'PAYMENT');
END
$$
DELIMITER ;
DROP TRIGGER IF EXISTS `payment_AFTER_UPDATE`;
DELIMITER $$
CREATE TRIGGER `payment_AFTER_UPDATE` AFTER UPDATE ON `payment` FOR EACH ROW BEGIN
INSERT INTO `activitylogs`(`activityLogsType`,`loggedDescription`, `loggedTable`)
VALUES ('UPDATE', 'A USER HAS UPDATED A RECORD TO THIS TABLE', 'PAYMENT');
END
$$
DELIMITER ;

-- --------------------------------------------------------

--
-- Table structure for table `products`
--
-- Creation: May 22, 2022 at 10:28 PM
--

DROP TABLE IF EXISTS `products`;
CREATE TABLE IF NOT EXISTS `products` (
  `productsId` int(11) NOT NULL AUTO_INCREMENT,
  `productsNames` varchar(45) DEFAULT NULL,
  `productsDescription` varchar(45) DEFAULT NULL,
  `productsType` varchar(45) DEFAULT NULL,
  `productsCategory` varchar(45) DEFAULT NULL,
  `alcoholPercentage` varchar(45) DEFAULT NULL,
  `volume` varchar(45) DEFAULT NULL,
  `unit` varchar(45) DEFAULT NULL,
  `productsImageId` int(11) DEFAULT NULL,
  `productsQuantity` varchar(45) DEFAULT NULL,
  `productsPrice` decimal(10,2) DEFAULT NULL,
  `barId` int(11) DEFAULT NULL,
  `productsStatus` varchar(45) NOT NULL DEFAULT 'ACTIVE',
  `addedAt` datetime NOT NULL DEFAULT current_timestamp(),
  PRIMARY KEY (`productsId`),
  KEY `productsImageId` (`productsImageId`),
  KEY `barId` (`barId`)
) ENGINE=InnoDB DEFAULT CHARSET=utf8mb4;

--
-- RELATIONSHIPS FOR TABLE `products`:
--   `barId`
--       `bar` -> `barId`
--   `productsImageId`
--       `images` -> `imagesId`
--

--
-- Triggers `products`
--
DROP TRIGGER IF EXISTS `products_AFTER_DELETE`;
DELIMITER $$
CREATE TRIGGER `products_AFTER_DELETE` AFTER DELETE ON `products` FOR EACH ROW BEGIN
INSERT INTO `activitylogs`(`activityLogsType`,`loggedDescription`, `loggedTable`)
VALUES ('DELETE', 'A USER HAS DELETED A RECORD TO THIS TABLE', 'PRODUCTS');
END
$$
DELIMITER ;
DROP TRIGGER IF EXISTS `products_AFTER_INSERT`;
DELIMITER $$
CREATE TRIGGER `products_AFTER_INSERT` AFTER INSERT ON `products` FOR EACH ROW BEGIN
INSERT INTO `activitylogs`(`activityLogsType`,`loggedDescription`, `loggedTable`)
VALUES ('INSERT', 'A USER HAS INSERTED A RECORD TO THIS TABLE', 'PRODUCTS');
END
$$
DELIMITER ;
DROP TRIGGER IF EXISTS `products_AFTER_UPDATE`;
DELIMITER $$
CREATE TRIGGER `products_AFTER_UPDATE` AFTER UPDATE ON `products` FOR EACH ROW BEGIN
INSERT INTO `activitylogs`(`activityLogsType`,`loggedDescription`, `loggedTable`)
VALUES ('UPDATE', 'A USER HAS UPDATED A RECORD TO THIS TABLE', 'PRODUCTS');
END
$$
DELIMITER ;

-- --------------------------------------------------------

--
-- Table structure for table `regions`
--
-- Creation: May 22, 2022 at 10:20 PM
--

DROP TABLE IF EXISTS `regions`;
CREATE TABLE IF NOT EXISTS `regions` (
  `regionId` int(11) NOT NULL AUTO_INCREMENT,
  `regionName` varchar(45) NOT NULL,
  PRIMARY KEY (`regionId`)
) ENGINE=InnoDB AUTO_INCREMENT=33 DEFAULT CHARSET=utf8mb4;

--
-- RELATIONSHIPS FOR TABLE `regions`:
--

--
-- Dumping data for table `regions`
--

INSERT INTO `regions` (`regionId`, `regionName`) VALUES
(1, 'ARUSHA'),
(2, 'DAR ES SALAAM'),
(3, 'DODOMA'),
(4, 'GEITA'),
(5, 'IRINGA'),
(6, 'KAGERA'),
(7, 'KASKAZINI PEMBA'),
(8, 'KASKAZINI UNGUJA'),
(9, 'KATAVI'),
(10, 'KIGOMA'),
(11, 'KILIMANJARO'),
(12, 'KUSINI PEMBA'),
(13, 'KUSINI UNGUJA'),
(14, 'LINDI'),
(15, 'MAGHARIBI'),
(16, 'MANYARA'),
(17, 'MARA'),
(18, 'MBEYA'),
(19, 'MJINI'),
(20, 'MOROGORO'),
(21, 'MTWARA'),
(22, 'MWANZA'),
(23, 'NJOMBE'),
(24, 'PWANI'),
(25, 'RUKWA'),
(26, 'RUVUMA'),
(27, 'SHINYANGA'),
(28, 'SIMIYU'),
(29, 'SINGIDA'),
(30, 'SONGWE'),
(31, 'TABORA'),
(32, 'TANGA');

-- --------------------------------------------------------

--
-- Table structure for table `reservations`
--
-- Creation: May 22, 2022 at 10:15 PM
--

DROP TABLE IF EXISTS `reservations`;
CREATE TABLE IF NOT EXISTS `reservations` (
  `reservationsId` int(11) NOT NULL AUTO_INCREMENT,
  `reservationDate` date DEFAULT NULL,
  `reservationTime` varchar(45) DEFAULT NULL,
  `reservationBar` int(11) DEFAULT NULL,
  `reservationContact` varchar(45) DEFAULT NULL,
  `reservationEmail` varchar(45) DEFAULT NULL,
  `reservationFullnames` varchar(225) DEFAULT NULL,
  `reservationEvent` varchar(225) DEFAULT NULL,
  `totalPeople` int(11) DEFAULT NULL,
  `reservationStatus` varchar(45) DEFAULT 'PENDING',
  `createdAt` datetime DEFAULT current_timestamp(),
  PRIMARY KEY (`reservationsId`),
  KEY `reservationBar` (`reservationBar`)
) ENGINE=InnoDB DEFAULT CHARSET=utf8mb4;

--
-- RELATIONSHIPS FOR TABLE `reservations`:
--   `reservationBar`
--       `bar` -> `barId`
--

--
-- Triggers `reservations`
--
DROP TRIGGER IF EXISTS `reservations_AFTER_DELETE`;
DELIMITER $$
CREATE TRIGGER `reservations_AFTER_DELETE` AFTER DELETE ON `reservations` FOR EACH ROW BEGIN
INSERT INTO `activitylogs`(`activityLogsType`,`loggedDescription`, `loggedTable`)
VALUES ('DELETE', 'A USER HAS DELETED A RECORD TO THIS TABLE', 'RESERVATIONS');
END
$$
DELIMITER ;
DROP TRIGGER IF EXISTS `reservations_AFTER_INSERT`;
DELIMITER $$
CREATE TRIGGER `reservations_AFTER_INSERT` AFTER INSERT ON `reservations` FOR EACH ROW BEGIN
INSERT INTO `activitylogs`(`activityLogsType`,`loggedDescription`, `loggedTable`)
VALUES ('INSERT', 'A USER HAS INSERT A RECORD TO THIS TABLE', 'RESERVATIONS');
END
$$
DELIMITER ;
DROP TRIGGER IF EXISTS `reservations_AFTER_UPDATE`;
DELIMITER $$
CREATE TRIGGER `reservations_AFTER_UPDATE` AFTER UPDATE ON `reservations` FOR EACH ROW BEGIN
INSERT INTO `activitylogs`(`activityLogsType`,`loggedDescription`, `loggedTable`)
VALUES ('UPDATE', 'A USER HAS UPDATED A RECORD TO THIS TABLE', 'RESERVATIONS');
END
$$
DELIMITER ;

-- --------------------------------------------------------

--
-- Table structure for table `sales`
--
-- Creation: May 22, 2022 at 10:38 PM
--

DROP TABLE IF EXISTS `sales`;
CREATE TABLE IF NOT EXISTS `sales` (
  `salesId` int(11) NOT NULL AUTO_INCREMENT,
  `productId` int(11) DEFAULT NULL,
  `employeeId` int(11) DEFAULT NULL,
  `customerId` int(11) DEFAULT NULL,
  `productQuatity` varchar(45) DEFAULT NULL,
  `salesPrice` decimal(10,2) DEFAULT NULL,
  `paymentId` int(11) DEFAULT NULL,
  `salesStatus` varchar(45) DEFAULT 'SOLD',
  `createdAt` datetime DEFAULT current_timestamp(),
  PRIMARY KEY (`salesId`),
  KEY `customerId` (`customerId`),
  KEY `employeeId` (`employeeId`),
  KEY `productId` (`productId`),
  KEY `paymentId` (`paymentId`)
) ENGINE=InnoDB DEFAULT CHARSET=utf8mb4;

--
-- RELATIONSHIPS FOR TABLE `sales`:
--   `paymentId`
--       `payment` -> `paymentId`
--

--
-- Triggers `sales`
--
DROP TRIGGER IF EXISTS `sales_AFTER_DELETE`;
DELIMITER $$
CREATE TRIGGER `sales_AFTER_DELETE` AFTER DELETE ON `sales` FOR EACH ROW BEGIN
INSERT INTO `activitylogs`(`activityLogsType`,`loggedDescription`, `loggedTable`)
VALUES ('DELETE', 'A USER HAS DELETED A RECORD TO THIS TABLE', 'SALES');
END
$$
DELIMITER ;
DROP TRIGGER IF EXISTS `sales_AFTER_INSERT`;
DELIMITER $$
CREATE TRIGGER `sales_AFTER_INSERT` AFTER INSERT ON `sales` FOR EACH ROW BEGIN
INSERT INTO `activitylogs`(`activityLogsType`,`loggedDescription`, `loggedTable`)
VALUES ('INSERT', 'A USER HAS INSERTED A RECORD TO THIS TABLE', 'SALES');
END
$$
DELIMITER ;
DROP TRIGGER IF EXISTS `sales_AFTER_UPDATE`;
DELIMITER $$
CREATE TRIGGER `sales_AFTER_UPDATE` AFTER UPDATE ON `sales` FOR EACH ROW BEGIN
INSERT INTO `activitylogs`(`activityLogsType`,`loggedDescription`, `loggedTable`)
VALUES ('UPDATE', 'A USER HAS UPDATED A RECORD TO THIS TABLE', 'SALES');
END
$$
DELIMITER ;

-- --------------------------------------------------------

--
-- Table structure for table `users`
--
-- Creation: May 22, 2022 at 10:04 PM
--

DROP TABLE IF EXISTS `users`;
CREATE TABLE IF NOT EXISTS `users` (
  `userId` int(11) NOT NULL AUTO_INCREMENT,
  `usename` varchar(45) NOT NULL,
  `userPassword` varchar(255) NOT NULL,
  `userStatus` varchar(45) NOT NULL DEFAULT 'ACTIVE',
  `userFkey` int(11) NOT NULL,
  `usersRole` int(11) NOT NULL,
  PRIMARY KEY (`userId`),
  KEY `userFkey` (`userFkey`),
  KEY `usersRole` (`usersRole`)
) ENGINE=InnoDB DEFAULT CHARSET=utf8mb4;

--
-- RELATIONSHIPS FOR TABLE `users`:
--

-- --------------------------------------------------------

--
-- Table structure for table `wards`
--
-- Creation: May 22, 2022 at 10:23 PM
--

DROP TABLE IF EXISTS `wards`;
CREATE TABLE IF NOT EXISTS `wards` (
  `wardId` int(11) NOT NULL AUTO_INCREMENT,
  `wardName` varchar(45) NOT NULL,
  `fkDistrictId` int(11) NOT NULL,
  PRIMARY KEY (`wardId`),
  KEY `fkDistrictId` (`fkDistrictId`)
) ENGINE=InnoDB AUTO_INCREMENT=4869 DEFAULT CHARSET=utf8mb4;

--
-- RELATIONSHIPS FOR TABLE `wards`:
--   `fkDistrictId`
--       `districts` -> `districtId`
--

--
-- Dumping data for table `wards`
--

INSERT INTO `wards` (`wardId`, `wardName`, `fkDistrictId`) VALUES
(1, 'BANG', 1),
(2, 'BANGATA', 1),
(3, 'BWAWANI', 1),
(4, 'ENGUTOTO', 1),
(5, 'ILBORU', 1),
(6, 'ILKIDINGA', 1),
(7, 'ILKIDING\'A', 1),
(8, 'KIMNYAK', 1),
(9, 'KIMNYAKI', 1),
(10, 'KIRANYI', 1),
(11, 'KISONGO', 1),
(12, 'KIUTU', 1),
(13, 'LAROI', 1),
(14, 'LEMANYATA', 1),
(15, 'MATEVES', 1),
(16, 'MLANGARINI', 1),
(17, 'MOIVO', 1),
(18, 'MUSA', 1),
(19, 'MWANDET', 1),
(20, 'MWANDETI', 1),
(21, 'NDURUMA', 1),
(22, 'OLDONYOSAMBU', 1),
(23, 'OLDONYOWAS', 1),
(24, 'OLDONYOWASS', 1),
(25, 'OLJORO', 1),
(26, 'OLKOKOLA', 1),
(27, 'OLMOTONYI', 1),
(28, 'OLORIEN', 1),
(29, 'OLTUROTO', 1),
(30, 'OLTURUMET', 1),
(31, 'SAMBASHA', 1),
(32, 'SOKON II', 1),
(33, 'TARAKWA', 1),
(34, 'BARAA', 2),
(35, 'DARAJA II', 2),
(36, 'ELERAI', 2),
(37, 'KALOLENI', 2),
(38, 'KATI', 2),
(39, 'KIMANDOLU', 2),
(40, 'LEMANYATA', 2),
(41, 'LEMARA', 2),
(42, 'LEVOLOSI', 2),
(43, 'MOIVARO', 2),
(44, 'MOSHONO', 2),
(45, 'MURIET', 2),
(46, 'NGARENARO', 2),
(47, 'OLASITI', 2),
(48, 'OLDONYOSAMBU', 2),
(49, 'OLKOKOLA', 2),
(50, 'OLMOTI', 2),
(51, 'OLTURUMET', 2),
(52, 'OSUNYAI', 2),
(53, 'SAKINA', 2),
(54, 'SEKEI', 2),
(55, 'SINONI', 2),
(56, 'SOKON I', 2),
(57, 'SOMBETINI', 2),
(58, 'TERRAT', 2),
(59, 'THEMI', 2),
(60, 'UNGA LTD', 2),
(61, 'BARAA', 3),
(62, 'DARAJA II', 3),
(63, 'ELERAI', 3),
(64, 'ENGUTOTO', 3),
(65, 'KALOLENI', 3),
(66, 'KATI', 3),
(67, 'KIMANDOLU', 3),
(68, 'LEMARA', 3),
(69, 'LEVOLOSI', 3),
(70, 'MOIVARO', 3),
(71, 'MOSHONO', 3),
(72, 'MURIET', 3),
(73, 'NGARENARO', 3),
(74, 'OLASITI', 3),
(75, 'OLMOTI', 3),
(76, 'OLORIENI', 3),
(77, 'OSUNYAI JR', 3),
(78, 'SAKINA', 3),
(79, 'SEKEI', 3),
(80, 'SINONI', 3),
(81, 'SOKON 1', 3),
(82, 'SOKON 2', 3),
(83, 'SOKON 3', 3),
(84, 'SOKON 4', 3),
(85, 'SOKON 5', 3),
(86, 'SOKON 6', 3),
(87, 'SOMBETINI', 3),
(88, 'TERRAT', 3),
(89, 'THEMI', 3),
(90, 'UNGA LIMITED', 3),
(91, 'BARAY', 4),
(92, 'BUGER', 4),
(93, 'DAA', 4),
(94, 'ENDABASH', 4),
(95, 'ENDABASHI', 4),
(96, 'ENDAMAGH', 4),
(97, 'ENDAMAGHANG', 4),
(98, 'ENDAMARARIEK', 4),
(99, 'GANAKO', 4),
(100, 'KANSAY', 4),
(101, 'KARATU', 4),
(102, 'MANGOLA', 4),
(103, 'MANG\'OLA', 4),
(104, 'MATALA', 4),
(105, 'MBULU MBULU', 4),
(106, 'MBULUMBULU', 4),
(107, 'OLDEAN', 4),
(108, 'OLDEANI', 4),
(109, 'QURUS', 4),
(110, 'RHOTIA', 4),
(111, 'ELANGATA DAPASH', 5),
(112, 'ELANG\'ATADAPASH', 5),
(113, 'ENGARENAIBOR', 5),
(114, 'ENGIKARET', 5),
(115, 'ENGIKARETI', 5),
(116, 'GELAI LUMBWA', 5),
(117, 'GELAI MEIRUGOI', 5),
(118, 'GILAI LUMBWA', 5),
(119, 'GILAI MEIRUGOI', 5),
(120, 'ILORIENITO', 5),
(121, 'KAMWANGA', 5),
(122, 'KETUMBEINE', 5),
(123, 'KIMOKOUWA', 5),
(124, 'LONGIDO', 5),
(125, 'MATALE', 5),
(126, 'MATHARE', 5),
(127, 'MUNDARARA', 5),
(128, 'NAMANGA', 5),
(129, 'NOONDOTO', 5),
(130, 'OLMOLOG', 5),
(131, 'ORBOMBA', 5),
(132, 'SINONIK', 5),
(133, 'SINYA', 5),
(134, 'TINGA TINGA', 5),
(135, 'TINGATINGA', 5),
(136, 'AKHERI', 6),
(137, 'AMBURENI', 6),
(138, 'IMBASENI', 6),
(139, 'KIKATITI', 6),
(140, 'KIKWE', 6),
(141, 'KING\'ORI', 6),
(142, 'LEGURUKI', 6),
(143, 'MAJENGO', 6),
(144, 'MAJI YA CHAI', 6),
(145, 'MAKIBA', 6),
(146, 'MALULA', 6),
(147, 'MARORONI', 6),
(148, 'MARUVANGO', 6),
(149, 'MBUGUNI', 6),
(150, 'NGABOBO', 6),
(151, 'NGARENANYUKI', 6),
(152, 'NKOANEKOLI', 6),
(153, 'NKOANRUA', 6),
(154, 'NKOARANGA', 6),
(155, 'NKOARISAMBU', 6),
(156, 'NSHINGA', 6),
(157, 'OLKOKOLA', 6),
(158, 'POLI', 6),
(159, 'SEELA SING\'ISI', 6),
(160, 'SHAMBARAI BURKA', 6),
(161, 'SONGORO', 6),
(162, 'USA RIVER', 6),
(163, 'UWIRO', 6),
(164, 'ENGARUKA', 7),
(165, 'ENGUTOTO', 7),
(166, 'ESILALEI', 7),
(167, 'LASHAINE', 7),
(168, 'LEMOOT', 7),
(169, 'LEMOOTI', 7),
(170, 'LEPURKO', 7),
(171, 'LOLKISALE', 7),
(172, 'MAJENGO', 7),
(173, 'MAKUYUNI', 7),
(174, 'MESERANI', 7),
(175, 'MFEREJI', 7),
(176, 'MIGUNGANI', 7),
(177, 'MOITA', 7),
(178, 'MONDULI JUU', 7),
(179, 'MONDULI MJINI', 7),
(180, 'MSWAKINI', 7),
(181, 'MTO WA MBU', 7),
(182, 'NAALARAMI', 7),
(183, 'SELELA', 7),
(184, 'SEPEKO', 7),
(185, 'ALAILELAI', 8),
(186, 'ALAITOLE', 8),
(187, 'ALAITOLEI', 8),
(188, 'ALALELAI', 8),
(189, 'ARASH', 8),
(190, 'DIGODIGO', 8),
(191, 'ENDULENI', 8),
(192, 'ENGARESERO', 8),
(193, 'ENGUSERO SAMBU', 8),
(194, 'ENGUSEROSAMBU', 8),
(195, 'EYASI', 8),
(196, 'KAKESIO', 8),
(197, 'KIRANGI', 8),
(198, 'MAALON', 8),
(199, 'MAALONI', 8),
(200, 'MALAMBO', 8),
(201, 'MISIGIYO', 8),
(202, 'NAINOKANOKA', 8),
(203, 'NAIYOBI', 8),
(204, 'NGARASERO', 8),
(205, 'NGOILE', 8),
(206, 'NGORONGORO', 8),
(207, 'OLBALBAL', 8),
(208, 'OLDONYOSAMBU', 8),
(209, 'OLOIPIRI', 8),
(210, 'OLOIRIEN', 8),
(211, 'OLOIRIEN/ MAGAIDURU', 8),
(212, 'OLOLOSOKWAN', 8),
(213, 'OLOLOSOKWANI', 8),
(214, 'ORGOSOROK', 8),
(215, 'OROGOSOROKI', 8),
(216, 'PINYINYI', 8),
(217, 'PIYAYA', 8),
(218, 'SALE', 8),
(219, 'SAMUNGE', 8),
(220, 'SOIT SAMBU', 8),
(221, 'SOITSAMBU', 8),
(222, 'BONYOKWA', 9),
(223, 'BUGURUNI', 9),
(224, 'BUYUNI', 9),
(225, 'CHANIKA', 9),
(226, 'GEREZANI', 9),
(227, 'GONGO LA MBOTO', 9),
(228, 'ILALA', 9),
(229, 'JANGWANI', 9),
(230, 'KARIAKOO', 9),
(231, 'KIMANGA', 9),
(232, 'KINYEREZI', 9),
(233, 'KIPAWA', 9),
(234, 'KIPUNGUNI', 9),
(235, 'KISUKULU', 9),
(236, 'KISUKURU', 9),
(237, 'KISUTU', 9),
(238, 'KITUNDA', 9),
(239, 'KIVUKONI', 9),
(240, 'KIVULE', 9),
(241, 'KIWALANI', 9),
(242, 'LIWITI', 9),
(243, 'M/MIREFU', 9),
(244, 'MAJOHE', 9),
(245, 'MCHAFUKOGE', 9),
(246, 'MCHIKICHINI', 9),
(247, 'MINAZI MIREFU', 9),
(248, 'MNYAMANI', 9),
(249, 'MSONGOLA', 9),
(250, 'MZINGA', 9),
(251, 'PUGU', 9),
(252, 'PUGU STATION', 9),
(253, 'PUGU STTAION', 9),
(254, 'SEGEREA', 9),
(255, 'TABATA', 9),
(256, 'UKONGA', 9),
(257, 'UPANGA MAGHARIBI', 9),
(258, 'UPANGA MASHARIKI', 9),
(259, 'VINGUNGUTI', 9),
(260, 'ZINGIZIWA', 9),
(261, 'GEREZANI', 10),
(262, 'JANGWANI', 10),
(263, 'KARIAKOO', 10),
(264, 'KISUTU', 10),
(265, 'KIVUKONI', 10),
(266, 'MCHAFUKOGE', 10),
(267, 'MCHIKICHINI', 10),
(268, 'UPANGA MAGHARIBI', 10),
(269, 'UPANGA MASHARIKI', 10),
(270, 'KIBADA', 11),
(271, 'KIGAMBONI', 11),
(272, 'KIMBIJI', 11),
(273, 'KISARAWE II', 11),
(274, 'MJIMWEMA', 11),
(275, 'PEMBA MNAZI', 11),
(276, 'PEMBAMNAZI', 11),
(277, 'SOMANGILA', 11),
(278, 'SOMANGIRA', 11),
(279, 'TUNGI', 11),
(280, 'VIJIBWENI', 11),
(281, 'BUNJU', 12),
(282, 'HANANASIF', 12),
(283, 'KAWE', 12),
(284, 'KIGOGO', 12),
(285, 'KIJITONYAMA', 12),
(286, 'KINONDONI', 12),
(287, 'KUNDUCHI', 12),
(288, 'MABWEPANDE', 12),
(289, 'MAGOMENI', 12),
(290, 'MAKONGO', 12),
(291, 'MAKUMBUSHO', 12),
(292, 'MBEZI JUU', 12),
(293, 'MBWENI', 12),
(294, 'MIKOCHENI', 12),
(295, 'MSASANI', 12),
(296, 'MWANANYAMALA', 12),
(297, 'MZIMUNI', 12),
(298, 'NDUGUMBI', 12),
(299, 'TANDALE', 12),
(300, 'WAZO', 12),
(301, 'AZIMIO', 13),
(302, 'BUZA', 13),
(303, 'CHAMAZI', 13),
(304, 'CHANG\'OMBE', 13),
(305, 'CHARAMBE', 13),
(306, 'KEKO', 13),
(307, 'KIBONDEMAJI', 13),
(308, 'KIBURUGWA', 13),
(309, 'KIJICHI', 13),
(310, 'KILAKALA', 13),
(311, 'KILUNGULE', 13),
(312, 'KURASINI', 13),
(313, 'MAKANGARAWE', 13),
(314, 'MBAGALA', 13),
(315, 'MBAGALA KUU', 13),
(316, 'MIANZINI', 13),
(317, 'MIBURANI', 13),
(318, 'MTONI', 13),
(319, 'SANDALI', 13),
(320, 'TANDIKA', 13),
(321, 'TEMEKE', 13),
(322, 'TOANGOMA', 13),
(323, 'YOMBO VITUKA', 13),
(324, 'GOBA', 14),
(325, 'KIBAMBA', 14),
(326, 'KIMARA', 14),
(327, 'KWEMBE', 14),
(328, 'MABIBO', 14),
(329, 'MAKUBURI', 14),
(330, 'MAKURUMLA', 14),
(331, 'MANZESE', 14),
(332, 'MBEZI', 14),
(333, 'MBURAHATI', 14),
(334, 'MSIGANI', 14),
(335, 'SARANGA', 14),
(336, 'SINZA', 14),
(337, 'UBUNGO', 14),
(338, 'BABAYU', 15),
(339, 'BAHI', 15),
(340, 'CHALI', 15),
(341, 'CHIBELELA', 15),
(342, 'CHIFUTUKA', 15),
(343, 'CHIKOLA', 15),
(344, 'CHIPANGA', 15),
(345, 'IBIHWA', 15),
(346, 'IBUGULE', 15),
(347, 'ILINDI', 15),
(348, 'KIGWE', 15),
(349, 'KINGWE', 15),
(350, 'LAMAITI', 15),
(351, 'MAKANDA', 15),
(352, 'MPALANGA', 15),
(353, 'MPAMAMTWA', 15),
(354, 'MPAMATWA', 15),
(355, 'MPINGA', 15),
(356, 'MSISI', 15),
(357, 'MTITAA', 15),
(358, 'MUNDEMU', 15),
(359, 'MWITIKIRA', 15),
(360, 'NONDWA', 15),
(361, 'ZANKA', 15),
(362, 'BUIGIRI', 16),
(363, 'CHAMWINO', 16),
(364, 'CHIBOLI', 16),
(365, 'CHILONWA', 16),
(366, 'CHINUGULU', 16),
(367, 'DABALO', 16),
(368, 'FUFU', 16),
(369, 'HANDALI', 16),
(370, 'HANETI', 16),
(371, 'HUZI', 16),
(372, 'IDIFU', 16),
(373, 'IGANDU', 16),
(374, 'IKOMBOLINGA', 16),
(375, 'IKOWA', 16),
(376, 'IRINGA MVUMI', 16),
(377, 'ITISO', 16),
(378, 'LOJE', 16),
(379, 'MAJELEKO', 16),
(380, 'MAJEREKO', 16),
(381, 'MAKANGWA', 16),
(382, 'MAKANG\'WA', 16),
(383, 'MANCHALI', 16),
(384, 'MANDA', 16),
(385, 'MANZASE', 16),
(386, 'MEMBE', 16),
(387, 'MLOWA BARABARANI', 16),
(388, 'MLOWA BWAWANI', 16),
(389, 'MPWAYUNGU', 16),
(390, 'MSAMALO', 16),
(391, 'MSANGA', 16),
(392, 'MUUNGANO', 16),
(393, 'MVUMI MAKULU', 16),
(394, 'MVUMI MISHENI', 16),
(395, 'NGHAHELEZE', 16),
(396, 'NGHAHELEZI', 16),
(397, 'NGHAMBAKU', 16),
(398, 'NGHMBAKU', 16),
(399, 'NHINHI', 16),
(400, 'SEGALA', 16),
(401, 'ZAJILWA', 16),
(402, 'BABAYU', 17),
(403, 'CHANDAMA', 17),
(404, 'CHEMBA', 17),
(405, 'CHURUKU', 17),
(406, 'DALAI', 17),
(407, 'FARKWA', 17),
(408, 'GOIMA', 17),
(409, 'GWANDI', 17),
(410, 'JANGALO', 17),
(411, 'KIDOKA', 17),
(412, 'KIMAHA', 17),
(413, 'KINYAMSHINDO', 17),
(414, 'KWAMTORO', 17),
(415, 'LAHODA', 17),
(416, 'LALTA', 17),
(417, 'MAKORONGO', 17),
(418, 'MONDO', 17),
(419, 'MPENDO', 17),
(420, 'MRIJO', 17),
(421, 'MSAADA', 17),
(422, 'OVADA', 17),
(423, 'PARANGA', 17),
(424, 'SANZAWA', 17),
(425, 'SONGOLO', 17),
(426, 'SOYA', 17),
(427, 'TUMBAKOSE', 17),
(428, 'CHAHWA', 18),
(429, 'CHANG\'OMBE', 18),
(430, 'CHIGONGWE', 18),
(431, 'CHIHANGA', 18),
(432, 'HOMBOLO BWAWANI', 18),
(433, 'HOMBOLO MAKULU', 18),
(434, 'IPAGALA', 18),
(435, 'IPALA', 18),
(436, 'IYUMBU', 18),
(437, 'KIKOMBO', 18),
(438, 'MAKUTOPORA', 18),
(439, 'MBABALA', 18),
(440, 'MBALAWALA', 18),
(441, 'MNADANI', 18),
(442, 'MPUNGUZI', 18),
(443, 'MSALATO', 18),
(444, 'MTUMBA', 18),
(445, 'NALA', 18),
(446, 'NTYUKA', 18),
(447, 'NZUGUNI', 18),
(448, 'ZUZU', 18),
(449, 'CHAHWA', 19),
(450, 'CHAMWINO', 19),
(451, 'CHANGOMBE', 19),
(452, 'CHIHANGA', 19),
(453, 'CHINGONGWE', 19),
(454, 'DODOMA MAKULU', 19),
(455, 'HAZINA', 19),
(456, 'HOMBOLO BWAWANI', 19),
(457, 'HOMBOLO MAKULU', 19),
(458, 'IHUMWA', 19),
(459, 'IPAGALA', 19),
(460, 'IPALA', 19),
(461, 'IYUMBU', 19),
(462, 'KIKOMBO', 19),
(463, 'KIKUYU KASKAZINI', 19),
(464, 'KIKUYU KUSINI', 19),
(465, 'KILIMANI', 19),
(466, 'KIWANJA CHA NDEGE', 19),
(467, 'KIZOTA', 19),
(468, 'MADUKANI', 19),
(469, 'MAJENGO', 19),
(470, 'MAKOLE', 19),
(471, 'MAKUTUPORA', 19),
(472, 'MATUMBULU', 19),
(473, 'MBABALA', 19),
(474, 'MBALAWALA', 19),
(475, 'MIYUJI', 19),
(476, 'MKONZE', 19),
(477, 'MNADANI', 19),
(478, 'MPUNGUZI', 19),
(479, 'MSALATO', 19),
(480, 'MTUMBA', 19),
(481, 'NALA', 19),
(482, 'NGHONGONHA', 19),
(483, 'NG\'ONNG\'ONHA', 19),
(484, 'NKUHUNGU', 19),
(485, 'NTYUKA', 19),
(486, 'NZUGUNI', 19),
(487, 'TAMBUKARELI', 19),
(488, 'UHURU', 19),
(489, 'VIWANDANI', 19),
(490, 'ZUZU', 19),
(491, 'BEREKO', 20),
(492, 'BOLISA', 20),
(493, 'BUMBUTA', 20),
(494, 'BUSI', 20),
(495, 'CHANGAA', 20),
(496, 'CHEMCHEM', 20),
(497, 'HAUBI', 20),
(498, 'HONDOMAIRO', 20),
(499, 'ITASWI', 20),
(500, 'ITOLOLO', 20),
(501, 'KALAMBA', 20),
(502, 'KEIKEI', 20),
(503, 'KIKILO', 20),
(504, 'KIKORE', 20),
(505, 'KILIMANI', 20),
(506, 'KINGALE', 20),
(507, 'KINYASI', 20),
(508, 'KISESE', 20),
(509, 'KOLO', 20),
(510, 'KONDOA MJINI', 20),
(511, 'KWADELO', 20),
(512, 'MASANGE', 20),
(513, 'MNENIA', 20),
(514, 'PAHI', 20),
(515, 'SALANKA', 20),
(516, 'SERYA', 20),
(517, 'SOERA', 20),
(518, 'SURUKE', 20),
(519, 'THAWI', 20),
(520, 'CHAMKOROMA', 21),
(521, 'CHITEGO', 21),
(522, 'CHIWE', 21),
(523, 'HOGORO', 21),
(524, 'IDUO', 21),
(525, 'KIBAIGWA', 21),
(526, 'KONGWA', 21),
(527, 'LENJULU', 21),
(528, 'MAKAWA', 21),
(529, 'MATONGORO', 21),
(530, 'MKOKA', 21),
(531, 'MLALI', 21),
(532, 'MTANANA', 21),
(533, 'NGHUMBI', 21),
(534, 'NGOMAI', 21),
(535, 'NGUMBI', 21),
(536, 'NJOGE', 21),
(537, 'PANDAMBILI', 21),
(538, 'SAGARA', 21),
(539, 'SEJELI', 21),
(540, 'SONGAMBELE', 21),
(541, 'UGOGONI', 21),
(542, 'ZOISSA', 21),
(543, 'BEREGE', 22),
(544, 'CHIPOGOLO', 22),
(545, 'CHIPOGORO', 22),
(546, 'CHITEMO', 22),
(547, 'CHUNYU', 22),
(548, 'GALIGALI', 22),
(549, 'GODEGODE', 22),
(550, 'GULWE', 22),
(551, 'IPERA', 22),
(552, 'IWONDO', 22),
(553, 'KIBAKWE', 22),
(554, 'KIMAGAI', 22),
(555, 'KINGITI', 22),
(556, 'LUFU', 22),
(557, 'LUHUNDWA', 22),
(558, 'LUKOLE', 22),
(559, 'LUMUMA', 22),
(560, 'LUPETA', 22),
(561, 'MALOLO', 22),
(562, 'MANGALIZA', 22),
(563, 'MANG\'ALIZA', 22),
(564, 'MASSA', 22),
(565, 'MATOMONDO', 22),
(566, 'MAZAE', 22),
(567, 'MBUGA', 22),
(568, 'MIMA', 22),
(569, 'MJINI', 22),
(570, 'MLEMBULE', 22),
(571, 'MLUNDUZI', 22),
(572, 'MPWAPWA', 22),
(573, 'MPWAPWA MJINI', 22),
(574, 'MTERA', 22),
(575, 'NGHAMBI', 22),
(576, 'PWAGA', 22),
(577, 'RUDI', 22),
(578, 'VINGHAWE', 22),
(579, 'VING\'HAWE', 22),
(580, 'WANGI', 22),
(581, 'WOTTA', 22),
(582, 'BUGELENGA', 23),
(583, 'BUKOMBE', 23),
(584, 'BULANGWA', 23),
(585, 'BULEGA', 23),
(586, 'BUSONZO', 23),
(587, 'BUTINZA', 23),
(588, 'BUTIZYA', 23),
(589, 'IGULWA', 23),
(590, 'IYOGELO', 23),
(591, 'KATENTE', 23),
(592, 'KATOME', 23),
(593, 'LYAMBAMGONGO', 23),
(594, 'NAMONGE', 23),
(595, 'NGANZO', 23),
(596, 'RUNZEWE MAGHARIBI', 23),
(597, 'RUNZEWE MASHARIKI', 23),
(598, 'RUZWE WE MASHARIKI', 23),
(599, 'USHIROMBO', 23),
(600, 'UYOVU', 23),
(601, 'BUKOME', 24),
(602, 'BUSERESERE', 24),
(603, 'BUTENGORUMASA', 24),
(604, 'BUZIKU', 24),
(605, 'BWANGA', 24),
(606, 'BWERA', 24),
(607, 'BWINA', 24),
(608, 'BWONGERA', 24),
(609, 'CHATO', 24),
(610, 'ICHWANKIMA', 24),
(611, 'ILEMELA', 24),
(612, 'ILYAMCHELE', 24),
(613, 'IPARAMASA', 24),
(614, 'KACHWAMBA', 24),
(615, 'KASENGA', 24),
(616, 'KATENDE', 24),
(617, 'KIGONGO', 24),
(618, 'MAKURUGUSI', 24),
(619, 'MINKOTO', 24),
(620, 'MUGANZA', 24),
(621, 'MUUNGANO', 24),
(622, 'NYAMILEMBE', 24),
(623, 'NYAMIREMBE', 24),
(624, 'NYARUTEMBO', 24),
(625, 'UYOVU', 24),
(626, 'BOMBAMBILI', 25),
(627, 'BUGALAMA', 25),
(628, 'BUGULULA', 25),
(629, 'BUGURULA', 25),
(630, 'BUHALAHALA', 25),
(631, 'BUJULA', 25),
(632, 'BUKOLI', 25),
(633, 'BUKONDO', 25),
(634, 'BULELA', 25),
(635, 'BUNG\'WANGOKO', 25),
(636, 'BUSANDA', 25),
(637, 'BUTOBELA', 25),
(638, 'BUTUNDWE', 25),
(639, 'CHIGUNGA', 25),
(640, 'IHANAMILO', 25),
(641, 'ISULWABUTUNDWE', 25),
(642, 'IZUMACHELI', 25),
(643, 'KAGU', 25),
(644, 'KAKUBILO', 25),
(645, 'KALANGALALA', 25),
(646, 'KAMENA', 25),
(647, 'KAMHANGA', 25),
(648, 'KAMUHANGA', 25),
(649, 'KANYALA', 25),
(650, 'KASAMWA', 25),
(651, 'KASEME', 25),
(652, 'KASENE', 25),
(653, 'KATOMA', 25),
(654, 'KATORO', 25),
(655, 'LUBANGA', 25),
(656, 'LUDETE', 25),
(657, 'LWAMGASA', 25),
(658, 'LWENZERA', 25),
(659, 'MAGENGE', 25),
(660, 'MGUSU', 25),
(661, 'MTAKUJA', 25),
(662, 'NKOME', 25),
(663, 'NYACHILULUMA', 25),
(664, 'NYAKAGOMBA', 25),
(665, 'NYAKAMWAGA', 25),
(666, 'NYALWANZAJA', 25),
(667, 'NYAMALIMBE', 25),
(668, 'NYAMBOGE', 25),
(669, 'NYAMIGOTA', 25),
(670, 'NYAMWILOLELWA', 25),
(671, 'NYANGUKU', 25),
(672, 'NYANKUMBU', 25),
(673, 'NYARUGUSU', 25),
(674, 'NYARUYEYE', 25),
(675, 'NYAWILIMILWA', 25),
(676, 'NZERA', 25),
(677, 'NZERA(NZELA)', 25),
(678, 'RWEZERA', 25),
(679, 'SENGA', 25),
(680, 'SHILOELI', 25),
(681, 'SHILOLELI', 25),
(682, 'BUKANDWE', 26),
(683, 'BUNIGONZI', 26),
(684, 'IKOBE', 26),
(685, 'IKUNGUIGAZI', 26),
(686, 'ILOLANGULU', 26),
(687, 'IPONYA', 26),
(688, 'ISEBYA', 26),
(689, 'LUGUNGA', 26),
(690, 'LULEMBELA', 26),
(691, 'MASUMBWE', 26),
(692, 'MBOGWE', 26),
(693, 'NANDA', 26),
(694, 'NGEMO', 26),
(695, 'NHOMOLWA', 26),
(696, 'NYAKAFULU', 26),
(697, 'NYAKAFURU', 26),
(698, 'NYASATO', 26),
(699, 'USHIRIKA', 26),
(700, 'BUKWIMBA', 27),
(701, 'BUSOLWA', 27),
(702, 'IZUNYA', 27),
(703, 'KABOHA', 27),
(704, 'KAFITA', 27),
(705, 'KAKORA', 27),
(706, 'KHARUMWA', 27),
(707, 'MWINGILO', 27),
(708, 'NUNDU', 27),
(709, 'NYABULANDA', 27),
(710, 'NYAMTUKUZA', 27),
(711, 'NYANGHWALE', 27),
(712, 'NYIJUNDU', 27),
(713, 'NYUGWA', 27),
(714, 'SHABAKA', 27),
(715, 'BOMA', 28),
(716, 'BUMILAYINGA', 28),
(717, 'CHANGALAWE', 28),
(718, 'DABAGA', 28),
(719, 'IBUMU', 28),
(720, 'IDETE', 28),
(721, 'IDODI', 28),
(722, 'IDUNDA', 28),
(723, 'IFUNDA', 28),
(724, 'IFWAGI', 28),
(725, 'IGOMBAVANU', 28),
(726, 'IGOWOLE', 28),
(727, 'IHALIMBA', 28),
(728, 'IHANU', 28),
(729, 'IHIMBO', 28),
(730, 'IHOWANZA', 28),
(731, 'IKONGOSI', 28),
(732, 'IKWEHA', 28),
(733, 'ILOLOMPYA', 28),
(734, 'ILULA', 28),
(735, 'IMAGE', 28),
(736, 'IROLE', 28),
(737, 'ISALAVANU', 28),
(738, 'ITANDULA', 28),
(739, 'ITUNUNDU', 28),
(740, 'IZAZI', 28),
(741, 'KALENGA', 28),
(742, 'KASANGA', 28),
(743, 'KIBENGU', 28),
(744, 'KIHANGA', 28),
(745, 'KIHOROGOTA', 28),
(746, 'KIMALA', 28),
(747, 'KINYANAMBO', 28),
(748, 'KISING\'A', 28),
(749, 'KIWERE', 28),
(750, 'KIYOWELA', 28),
(751, 'LUGALO', 28),
(752, 'LUHOTA', 28),
(753, 'LUHUNGA', 28),
(754, 'LUMULI', 28),
(755, 'LYAMGUNGWE', 28),
(756, 'MABOGA', 28),
(757, 'MADUMA', 28),
(758, 'MAGULILWA', 28),
(759, 'MAGULIWA', 28),
(760, 'MAHENGE', 28),
(761, 'MAHUNINGA', 28),
(762, 'MAKUNGU', 28),
(763, 'MALANGALI', 28),
(764, 'MALENGAMAKALI', 28),
(765, 'MAPANDA', 28),
(766, 'MASAKA', 28),
(767, 'MASISIWE', 28),
(768, 'MBALAMAZIWA', 28),
(769, 'MBOLIBOLI', 28),
(770, 'MDABULO', 28),
(771, 'MGAMA', 28),
(772, 'MIGOLI', 28),
(773, 'MLAFU', 28),
(774, 'MLENGE', 28),
(775, 'MLOWA', 28),
(776, 'MNINGA', 28),
(777, 'MPANGATAZARA', 28),
(778, 'MSEKE', 28),
(779, 'MTAMBULA', 28),
(780, 'MTITU', 28),
(781, 'MTWANGO', 28),
(782, 'NGANGANGE', 28),
(783, 'NGURUHE', 28),
(784, 'NYALUMBU', 28),
(785, 'NYANGORO', 28),
(786, 'NYANG\'ORO', 28),
(787, 'NYANZWA', 28),
(788, 'NYOLOLO', 28),
(789, 'NZIHI', 28),
(790, 'RUAHA MBUYUNI', 28),
(791, 'RUNGEMBA', 28),
(792, 'SADANI', 28),
(793, 'SAO HILL', 28),
(794, 'UDEKWA', 28),
(795, 'UHAMBINGETO', 28),
(796, 'UKUMBI', 28),
(797, 'UKWEGA', 28),
(798, 'ULANDA', 28),
(799, 'UPENDO', 28),
(800, 'WAMBI', 28),
(801, 'WASA', 28),
(802, 'GANGILONGA', 29),
(803, 'IGUMBILO', 29),
(804, 'ILALA', 29),
(805, 'ISAKALILO', 29),
(806, 'KIHESA', 29),
(807, 'KITANZINI', 29),
(808, 'KITWIRU', 29),
(809, 'KWAKILOSA', 29),
(810, 'MAKORONGONI', 29),
(811, 'MIVINJENI', 29),
(812, 'MKIMBIZI', 29),
(813, 'MKWAWA', 29),
(814, 'MLANDEGE', 29),
(815, 'MSHINDO', 29),
(816, 'MTWIVILA', 29),
(817, 'MWANGATA', 29),
(818, 'NDULI', 29),
(819, 'RUAHA', 29),
(820, 'BOMALANGOMBE', 30),
(821, 'BOMALANG\'OMBE', 30),
(822, 'DABAGA', 30),
(823, 'IBUMU', 30),
(824, 'IDETE', 30),
(825, 'IHIMBO', 30),
(826, 'ILULA', 30),
(827, 'IMAGE', 30),
(828, 'IROLE', 30),
(829, 'KIMALA', 30),
(830, 'KISINGA', 30),
(831, 'LUGALO', 30),
(832, 'MAHENGE', 30),
(833, 'MASISIWE', 30),
(834, 'MLAFU', 30),
(835, 'MTITU', 30),
(836, 'NG\'ANG\'ANGE', 30),
(837, 'NG\'URUHE', 30),
(838, 'NYALUMBU', 30),
(839, 'NYANZWA', 30),
(840, 'RUAHA MBUYUNI', 30),
(841, 'UDEKWA', 30),
(842, 'UHAMBINGETO', 30),
(843, 'UKUMBI', 30),
(844, 'UKWEGA', 30),
(845, 'BOMA', 31),
(846, 'BUMILAYINGA', 31),
(847, 'CHANGALAWE', 31),
(848, 'CHANGARAWE', 31),
(849, 'IDETE', 31),
(850, 'IDUNDA', 31),
(851, 'IFWAGI', 31),
(852, 'IGOMBAVANU', 31),
(853, 'IGOWOLE', 31),
(854, 'IHALIMBA', 31),
(855, 'IHANU', 31),
(856, 'IHOWANZA', 31),
(857, 'IKONGOSI', 31),
(858, 'IKWEHA', 31),
(859, 'ISALAVANU', 31),
(860, 'ITANDULA', 31),
(861, 'KASANGA', 31),
(862, 'KIBENGU', 31),
(863, 'KINYANAMBO', 31),
(864, 'KIYOWELA', 31),
(865, 'LUHUNGA', 31),
(866, 'MADUMA', 31),
(867, 'MAKUNGU', 31),
(868, 'MALANGALI', 31),
(869, 'MAPANDA', 31),
(870, 'MBALAMAZIWA', 31),
(871, 'MDABULO', 31),
(872, 'MNINGA', 31),
(873, 'MPANGA TAZARA', 31),
(874, 'MPANGATAZARA', 31),
(875, 'MTAMBULA', 31),
(876, 'MTILI', 31),
(877, 'MTWANGO', 31),
(878, 'NYOLOLO', 31),
(879, 'RUNGEMBA', 31),
(880, 'SADANI', 31),
(881, 'SAO HILL', 31),
(882, 'UPENDO', 31),
(883, 'WAMBI', 31),
(884, 'KABINDI', 32),
(885, 'BIHARAMULO MJINI', 32),
(886, 'BISIBO', 32),
(887, 'KALENGE', 32),
(888, 'KANIHA', 32),
(889, 'KATAHOKA', 32),
(890, 'LUSAHUNGA', 32),
(891, 'NEMBA', 32),
(892, 'NYABUSOZI', 32),
(893, 'NYAKAHULA', 32),
(894, 'NYAKAHURA', 32),
(895, 'NYAMAHANGA', 32),
(896, 'NYAMIGOGO', 32),
(897, 'NYANTAKALA', 32),
(898, 'NYANTAKARA', 32),
(899, 'NYANZA', 32),
(900, 'NYARUBUNGO', 32),
(901, 'RUNAZI', 32),
(902, 'RUSAHUNGA', 32),
(903, 'RUZIBA', 32),
(904, 'BEHENDANGABO', 33),
(905, 'BUHENDANGABO', 33),
(906, 'BUJUGO', 33),
(907, 'BUTELANKUZI', 33),
(908, 'IBWERA', 33),
(909, 'IZIMBYA', 33),
(910, 'KAAGYA', 33),
(911, 'KAIBANJA', 33),
(912, 'KANYANGEREKO', 33),
(913, 'KARABAGAINE', 33),
(914, 'KASHARU', 33),
(915, 'KATERERO', 33),
(916, 'KATOMA', 33),
(917, 'KATORO', 33),
(918, 'KEMONDO', 33),
(919, 'KIBIRIZI', 33),
(920, 'KIKOMELO', 33),
(921, 'KIKOMERO', 33),
(922, 'KISHANJE', 33),
(923, 'KISHOGO', 33),
(924, 'KYAITOKE', 33),
(925, 'KYAMULAILE', 33),
(926, 'MARUKU', 33),
(927, 'MIKONI', 33),
(928, 'MUGAJWALE', 33),
(929, 'NYAKATO', 33),
(930, 'NYAKIBIMBILI', 33),
(931, 'RUBAFU', 33),
(932, 'RUBALE', 33),
(933, 'RUHUNGA', 33),
(934, 'RUKOMA', 33),
(935, 'RURONGO', 33),
(936, 'BAKOBA', 34),
(937, 'BILELE', 34),
(938, 'BUHEMBE', 34),
(939, 'BUKOBA', 34),
(940, 'HAMUGEMBE', 34),
(941, 'IJUGANYONDO', 34),
(942, 'KAGONDO', 34),
(943, 'KAHORORO', 34),
(944, 'KASHAI', 34),
(945, 'KIBETA', 34),
(946, 'KITENDAGURO', 34),
(947, 'MIEMBENI', 34),
(948, 'NSHAMBYA', 34),
(949, 'NYANGA', 34),
(950, 'RWAMISHENYE', 34),
(951, 'BUGENE', 35),
(952, 'BWERANYANGE', 35),
(953, 'CHANIKA', 35),
(954, 'CHONYONYO', 35),
(955, 'IGURWA', 35),
(956, 'IHANDA', 35),
(957, 'IHEMBE', 35),
(958, 'KAMAGAMBO', 35),
(959, 'KANONI', 35),
(960, 'KAYANGA', 35),
(961, 'KIBONDO', 35),
(962, 'KIHANGA', 35),
(963, 'KIRURUMA', 35),
(964, 'KITUNTU', 35),
(965, 'NDAMA', 35),
(966, 'NYABIYONZA', 35),
(967, 'NYAISHOZI', 35),
(968, 'NYAKABANGA', 35),
(969, 'NYAKAHANGA', 35),
(970, 'NYAKAKIKA', 35),
(971, 'NYAKASIMBI', 35),
(972, 'RUGERA', 35),
(973, 'RUGU', 35),
(974, 'BUGARA', 36),
(975, 'BUGOMORA', 36),
(976, 'BUSINDE', 36),
(977, 'ISINGIRO', 36),
(978, 'ITEERA', 36),
(979, 'KAISHO', 36),
(980, 'KAKANJA', 36),
(981, 'KAMULI', 36),
(982, 'KIBALE', 36),
(983, 'KIBARE', 36),
(984, 'KIBINGO', 36),
(985, 'KIKUKURU', 36),
(986, 'KIMULI', 36),
(987, 'KITWE', 36),
(988, 'KITWECHENCHURA', 36),
(989, 'KITWECHENKURA', 36),
(990, 'KYERWA', 36),
(991, 'MABIRA', 36),
(992, 'MURONGO', 36),
(993, 'NKWENDA', 36),
(994, 'NYAKATUNTU', 36),
(995, 'NYARUZUMBURA', 36),
(996, 'RUKURAIJO', 36),
(997, 'RUTUNGURU', 36),
(998, 'RWABWERE', 36),
(999, 'SONGAMBELE', 36),
(1000, 'BUGANDIKA', 37),
(1001, 'BUGORORA', 37),
(1002, 'BUYANGO', 37),
(1003, 'BWANJAI', 37),
(1004, 'GERA', 37),
(1005, 'ISHOZI', 37),
(1006, 'ISHUNJU', 37),
(1007, 'KAKUNYU', 37),
(1008, 'KANYIGO', 37),
(1009, 'KASHENYE', 37),
(1010, 'KASSAMBYA', 37),
(1011, 'KILIMILILE', 37),
(1012, 'KITOBO', 37),
(1013, 'KYAKA', 37),
(1014, 'MABALE', 37),
(1015, 'MINZIRO', 37),
(1016, 'MUSHASHA', 37),
(1017, 'MUTUKULA', 37),
(1018, 'NSUNGA', 37),
(1019, 'RUZINGA', 37),
(1020, 'IJUMBI', 38),
(1021, 'IZIGO', 38),
(1022, 'KABIRIZI', 38),
(1023, 'KAGOMA', 38),
(1024, 'KAMACHUMU', 38),
(1025, 'KARAMBI', 38),
(1026, 'MAYONDWE', 38),
(1027, 'MAZINGA', 38),
(1028, 'MUSHABAGO', 38),
(1029, 'NSHAMBA', 38),
(1030, 'BIIRABO', 38),
(1031, 'BISHEKE', 38),
(1032, 'BUGANGUZI', 38),
(1033, 'BUHANGAZA', 38),
(1034, 'BULYAKASHAJU', 38),
(1035, 'BUMBILE', 38),
(1036, 'BUMBIRE', 38),
(1037, 'BUREZA', 38),
(1038, 'BURUNGURA', 38),
(1039, 'BUWANGAZA', 38),
(1040, 'GOZIBA', 38),
(1041, 'GWANSELI', 38),
(1042, 'IBUGA', 38),
(1043, 'IKONDO', 38),
(1044, 'IKUZA', 38),
(1045, 'KARUTANGA', 38),
(1046, 'KASHARUNGA', 38),
(1047, 'KASHASHA', 38),
(1048, 'KATOKE', 38),
(1049, 'KEREBE', 38),
(1050, 'KIBANGA', 38),
(1051, 'KIKUKU', 38),
(1052, 'KIMWANI', 38),
(1053, 'KISHANDA', 38),
(1054, 'KYEBITEMBE', 38),
(1055, 'MAFUMBO', 38),
(1056, 'MAGATA/KARUTANGA', 38),
(1057, 'MUBUNDA', 38),
(1058, 'MUHUTWE', 38),
(1059, 'MULEBA', 38),
(1060, 'NGENGE', 38),
(1061, 'NYAKABANGO', 38),
(1062, 'NYAKATANGA', 38),
(1063, 'RUHANGA', 38),
(1064, 'RULANDA', 38),
(1065, 'RUTORO', 38),
(1066, 'BUGARAMA', 39),
(1067, 'BUKIRIRO', 39),
(1068, 'KABANGA', 39),
(1069, 'KANAZI', 39),
(1070, 'KASULO', 39),
(1071, 'KEZA', 39),
(1072, 'KIBIMBA', 39),
(1073, 'KIBOGORA', 39),
(1074, 'KIRUSHYA', 39),
(1075, 'MABAWE', 39),
(1076, 'MBUBA', 39),
(1077, 'MUGANZA', 39),
(1078, 'MUGOMA', 39),
(1079, 'MURUKULAZO', 39),
(1080, 'MURUKURAZO', 39),
(1081, 'MURUSAGAMBA', 39),
(1082, 'NGARA MJINI', 39),
(1083, 'NTOBEYE', 39),
(1084, 'NYAKISASA', 39),
(1085, 'NYAMAGOMA', 39),
(1086, 'NYAMIAGA', 39),
(1087, 'RULENGE', 39),
(1088, 'RUSUMO', 39),
(1089, 'BOPWE', 40),
(1090, 'CHIMBA', 40),
(1091, 'FUNDO', 40),
(1092, 'GANDO', 40),
(1093, 'JADIDA', 40),
(1094, 'KANGAGANI', 40),
(1095, 'KIPANGANI', 40),
(1096, 'KISIWANI', 40),
(1097, 'KIUYU', 40),
(1098, 'KIZIMBANI', 40),
(1099, 'KOJANI', 40),
(1100, 'KONDE', 40),
(1101, 'LIMBANI', 40),
(1102, 'MAJENZI', 40),
(1103, 'MCHANGA MDOGO', 40),
(1104, 'MICHEWENI', 40),
(1105, 'MSUKA', 40),
(1106, 'MTAMBWE', 40),
(1107, 'OLE', 40),
(1108, 'PANDANI', 40),
(1109, 'SELEMU', 40),
(1110, 'SHENGEJUU', 40),
(1111, 'SIZINI', 40),
(1112, 'TUMBE', 40),
(1113, 'UTAANI', 40),
(1114, 'WINGWI', 40),
(1115, 'BOPWE', 41),
(1116, 'GANDO', 41),
(1117, 'KINOWE', 41),
(1118, 'KINYASINI', 41),
(1119, 'KIPANGANI', 41),
(1120, 'KIUYU', 41),
(1121, 'KIUYU MAZIWANG\'OMBE', 41),
(1122, 'KOJANI', 41),
(1123, 'KONDE', 41),
(1124, 'LIMBANI', 41),
(1125, 'MCHANGA MDOGO', 41),
(1126, 'MGOGONI', 41),
(1127, 'MICHEWENI', 41),
(1128, 'MSUKA', 41),
(1129, 'MTAMBWE', 41),
(1130, 'MTEMANI', 41),
(1131, 'PANDANI', 41),
(1132, 'PIKI', 41),
(1133, 'SELEM', 41),
(1134, 'SHUMBA VIAMBONI', 41),
(1135, 'TUMBE', 41),
(1136, 'UTAANI', 41),
(1137, 'WETE', 41),
(1138, 'WINGWI MAPOFU', 41),
(1139, 'WINGWI NJUGUNI', 41),
(1140, 'BANDA KUU', 42),
(1141, 'CHAANI', 42),
(1142, 'GAMBA', 42),
(1143, 'KIDOMBO', 42),
(1144, 'KIDOTI', 42),
(1145, 'KIJINI', 42),
(1146, 'KINYASINI', 42),
(1147, 'KIPANGE', 42),
(1148, 'KIVUNGE', 42),
(1149, 'MATEMWE', 42),
(1150, 'MKOKOTONI', 42),
(1151, 'MKWAJUNI', 42),
(1152, 'MTO PANI', 42),
(1153, 'MUWANGE', 42),
(1154, 'NUNGWI', 42),
(1155, 'PWANI MCHANGANI', 42),
(1156, 'TAZARI', 42),
(1157, 'TUMBATU', 42),
(1158, 'FUJONI', 43),
(1159, 'KIDANZINI', 43),
(1160, 'KINDUNI', 43),
(1161, 'KITOPE', 43),
(1162, 'KIWENGWA', 43),
(1163, 'MAFUFUNI', 43),
(1164, 'MAHONDA', 43),
(1165, 'MAKOBA', 43),
(1166, 'MANGAPWANI', 43),
(1167, 'MBALENI', 43),
(1168, 'MBIJI', 43),
(1169, 'MGAMBO', 43),
(1170, 'MISUFINI', 43),
(1171, 'MKATALENI', 43),
(1172, 'MTAMBILE', 43),
(1173, 'MUANDA', 43),
(1174, 'UPENJA', 43),
(1175, 'VIJIBWENI', 43),
(1176, 'CHAMALENDI', 44),
(1177, 'IKUBA', 44),
(1178, 'ILELA', 44),
(1179, 'ILUNDE', 44),
(1180, 'INYONGA', 44),
(1181, 'KAMALAMPAKA', 44),
(1182, 'KAMSISI', 44),
(1183, 'KASANSA', 44),
(1184, 'KIBAONI', 44),
(1185, 'MAJIMOTO', 44),
(1186, 'MAMBA', 44),
(1187, 'MBEDE', 44),
(1188, 'MWAMAPULI', 44),
(1189, 'NSENKWA', 44),
(1190, 'USEVYA', 44),
(1191, 'UTENDE', 44),
(1192, 'IBINDI', 45),
(1193, 'ILEMBO', 45),
(1194, 'ITENKA', 45),
(1195, 'KAKESE', 45),
(1196, 'KANOGE', 45),
(1197, 'KAPALALA', 45),
(1198, 'KASHAULILI', 45),
(1199, 'KASOKOLA', 45),
(1200, 'KATUMBA', 45),
(1201, 'KAWAJENSE', 45),
(1202, 'KAZIMA', 45),
(1203, 'LITAPUNGA', 45),
(1204, 'MACHIMBONI', 45),
(1205, 'MAGAMBA', 45),
(1206, 'MAJENGO', 45),
(1207, 'MAKANYAGIO', 45),
(1208, 'MISUNKUMILO', 45),
(1209, 'MPANDAHOTEL', 45),
(1210, 'MTAPENDA', 45),
(1211, 'MWAMKULU', 45),
(1212, 'NSEMULWA', 45),
(1213, 'NSIMBO', 45),
(1214, 'SHANWE', 45),
(1215, 'SITALIKE', 45),
(1216, 'UGALA', 45),
(1217, 'URUILA', 45),
(1218, 'UWANJA WA NDEGE', 45),
(1219, 'IBINDI', 46),
(1220, 'ILEMBO', 46),
(1221, 'ITENKA', 46),
(1222, 'KAKESE', 46),
(1223, 'KANOGE', 46),
(1224, 'KAPALALA', 46),
(1225, 'KASHAULILI', 46),
(1226, 'KASOKOLA', 46),
(1227, 'KATUMBA', 46),
(1228, 'KAWAJENSE', 46),
(1229, 'KAZIMA', 46),
(1230, 'LITAPUNGA', 46),
(1231, 'MACHIMBONI', 46),
(1232, 'MAGAMBA', 46),
(1233, 'MAJENGO', 46),
(1234, 'MAKANYAGIO', 46),
(1235, 'MISUNKUMILO', 46),
(1236, 'MPANDA HOTEL', 46),
(1237, 'MTAPENDA', 46),
(1238, 'MWAMKULU', 46),
(1239, 'NSEMULWA', 46),
(1240, 'NSIMBO', 46),
(1241, 'SHANWE', 46),
(1242, 'SITALIKE', 46),
(1243, 'UGALLA', 46),
(1244, 'URWILA', 46),
(1245, 'UWANJA WA NDEGE', 46),
(1246, 'SHANA', 47),
(1247, 'BULAMATA', 48),
(1248, 'IKOLA', 48),
(1249, 'ILANGU', 48),
(1250, 'IPWAGA', 48),
(1251, 'ISENGULE', 48),
(1252, 'KABUNGU', 48),
(1253, 'KAPALAMSENGA', 48),
(1254, 'KAREMA', 48),
(1255, 'KASEKESE', 48),
(1256, 'KATUMA', 48),
(1257, 'MISHAMO', 48),
(1258, 'MNYAGALA', 48),
(1259, 'MPANDA NDOGO', 48),
(1260, 'MPANDANDOGO', 48),
(1261, 'MWESE', 48),
(1262, 'SIBWESA', 48),
(1263, 'TONGWE', 48),
(1264, 'BIHARU', 49),
(1265, 'BUHIGWE', 49),
(1266, 'BUKUBA', 49),
(1267, 'GWANUMPU', 49),
(1268, 'GWARAMA', 49),
(1269, 'JANDA', 49),
(1270, 'KAJANA', 49),
(1271, 'KAKONKO', 49),
(1272, 'KANYONZA', 49),
(1273, 'KIBANDE', 49),
(1274, 'KIBWIGWA', 49),
(1275, 'KILELEMA', 49),
(1276, 'KINAZI', 49),
(1277, 'MGERA', 49),
(1278, 'MKATANGA', 49),
(1279, 'MNANILA', 49),
(1280, 'MUBANGA', 49),
(1281, 'MUGERA', 49),
(1282, 'MUHINDA', 49),
(1283, 'MUNANILA', 49),
(1284, 'MUNYEGELA', 49),
(1285, 'MUNYEGERA', 49),
(1286, 'MUNZEZE', 49),
(1287, 'MUYAMA', 49),
(1288, 'MWAYAYA', 49),
(1289, 'NYAMGALI', 49),
(1290, 'NYAMUGALI', 49),
(1291, 'RUSABA', 49),
(1292, 'ASANTE NYERERE', 50),
(1293, 'BUGAGA', 50),
(1294, 'BUHORO', 50),
(1295, 'GWANUMPU', 50),
(1296, 'GWARAMA', 50),
(1297, 'HERU JUU', 50),
(1298, 'KAKONKO', 50),
(1299, 'KANYONZA', 50),
(1300, 'KASANDA', 50),
(1301, 'KASUGA', 50),
(1302, 'KATANGA', 50),
(1303, 'KIZIGUZIGU', 50),
(1304, 'MUGUNZU', 50),
(1305, 'MUHANGE', 50),
(1306, 'NYABIBUYE', 50),
(1307, 'NYAMTUKUZA', 50),
(1308, 'RUGENGE', 50),
(1309, 'ASANTE NYERERE', 51),
(1310, 'BITARE', 51),
(1311, 'BITURANA', 51),
(1312, 'BUGAGA', 51),
(1313, 'BUHORO', 51),
(1314, 'BUNYAMBO', 51),
(1315, 'HERU JUU', 51),
(1316, 'HERU USHINGO', 51),
(1317, 'KAGERA KANDA', 51),
(1318, 'KAGERA NKANDA', 51),
(1319, 'KALELA', 51),
(1320, 'KIGEMBE', 51),
(1321, 'KIGONDO', 51),
(1322, 'KIMOBWA', 51),
(1323, 'KITAGATA', 51),
(1324, 'KITANGA', 51),
(1325, 'KUMNYIKA', 51),
(1326, 'KUMSENGA', 51),
(1327, 'KUMUNYIKA', 51),
(1328, 'KURUGONGO', 51),
(1329, 'KWAGA', 51),
(1330, 'KWANGA', 51),
(1331, 'MAKERE', 51),
(1332, 'MSAMBARA', 51),
(1333, 'MUGANZA', 51),
(1334, 'MUHUNGA', 51),
(1335, 'MURUBONA', 51),
(1336, 'MURUFITI', 51),
(1337, 'MURUSI', 51),
(1338, 'MUZYE', 51),
(1339, 'MWILANVYA', 51),
(1340, 'MWILAVYA', 51),
(1341, 'NYACHENDA', 51),
(1342, 'NYAKITONTO', 51),
(1343, 'NYAMIDAHO', 51),
(1344, 'NYAMUNYUSI', 51),
(1345, 'NYANSHA', 51),
(1346, 'NYUMBIGWA', 51),
(1347, 'RUHITA', 51),
(1348, 'RUNGWE MPYA', 51),
(1349, 'RUSESA', 51),
(1350, 'SHUNGULIBA', 51),
(1351, 'TITYE', 51),
(1352, 'BANGWE', 52),
(1353, 'BITALE', 52),
(1354, 'BITURANA', 52),
(1355, 'BUHANDA', 52),
(1356, 'BUNYAMBO', 52),
(1357, 'BUSAGARA', 52),
(1358, 'BUSINDE', 52),
(1359, 'BUSUNZU', 52),
(1360, 'BUZEBAZEBA', 52),
(1361, 'ITABA', 52),
(1362, 'KAGEZI', 52),
(1363, 'KIBONDO  MJINI', 52),
(1364, 'KIBONDO MJINI', 52),
(1365, 'KITAHANA', 52),
(1366, 'KIZAZI', 52),
(1367, 'KUMSENGA', 52),
(1368, 'KUMWAMBU', 52),
(1369, 'MABAMBA', 52),
(1370, 'MISEZERO', 52),
(1371, 'MUKABUYE', 52),
(1372, 'MURUNGU', 52),
(1373, 'NYARUYOBA', 52),
(1374, 'RUGONGWE', 52),
(1375, 'RUSOHOKO', 52),
(1376, 'RUSONGWE', 52),
(1377, 'BASANZA', 53),
(1378, 'BITALE', 53),
(1379, 'BUHINGU', 53),
(1380, 'HEREMBE', 53),
(1381, 'IGALULA', 53),
(1382, 'ILAGALA', 53),
(1383, 'KAGONGO', 53),
(1384, 'KAGUNGA', 53),
(1385, 'KALINZI', 53),
(1386, 'KIDAHWE', 53),
(1387, 'KITALE', 53),
(1388, 'MAHEMBE', 53),
(1389, 'MATENDO', 53),
(1390, 'MKIGO', 53),
(1391, 'MKONGORO', 53),
(1392, 'MUNGONYA', 53),
(1393, 'MWAMGONGO', 53),
(1394, 'MWANDIGA', 53),
(1395, 'NKUNGWE', 53),
(1396, 'NYARUBANDA', 53),
(1397, 'SIMBO', 53),
(1398, 'ZIWANI', 53),
(1399, 'BANGWE', 54),
(1400, 'BUHANDA', 54),
(1401, 'BUSINDE', 54),
(1402, 'BUZEBASEBA', 54),
(1403, 'BUZEBAZEBA', 54),
(1404, 'GUNGU', 54),
(1405, 'KAGERA', 54),
(1406, 'KAGONGO', 54),
(1407, 'KAGUNGA', 54),
(1408, 'KASIMBU', 54),
(1409, 'KASIMU', 54),
(1410, 'KASINGIRIMA', 54),
(1411, 'KATUBUKA', 54),
(1412, 'KIBILIZI', 54),
(1413, 'KIBIRIZI', 54),
(1414, 'KIGOMA', 54),
(1415, 'KIGOMA MJINI', 54),
(1416, 'KIPAMPA', 54),
(1417, 'KITONGONI', 54),
(1418, 'MACHINJIONI', 54),
(1419, 'MAJENGO', 54),
(1420, 'MLOLE', 54),
(1421, 'MWANGA KASKAZINI', 54),
(1422, 'MWANGA KUSINI', 54),
(1423, 'NITALE', 54),
(1424, 'RUBUGA', 54),
(1425, 'RUSIMBI', 54),
(1426, 'BASANZA', 55),
(1427, 'BUHINGU', 55),
(1428, 'BUHINGU', 55),
(1429, 'HEREMBE', 55),
(1430, 'IGALULA', 55),
(1431, 'ILAGALA', 55),
(1432, 'ITEBULA', 55),
(1433, 'KALYA', 55),
(1434, 'KANDAGA', 55),
(1435, 'KAZURAMIMBA', 55),
(1436, 'MGANZA', 55),
(1437, 'MTEGOWANOTI', 55),
(1438, 'MWAKIZEGA', 55),
(1439, 'NGURUKA', 55),
(1440, 'SIGUNGA', 55),
(1441, 'SUNUKA', 55),
(1442, 'UVINZA', 55),
(1443, 'BOMANGOMBE', 56),
(1444, 'BOMANG\'OMBE', 56),
(1445, 'BONDENI', 56),
(1446, 'KIA', 56),
(1447, 'MACHAME KASKAZINI', 56),
(1448, 'MACHAME MAGHARIBI', 56),
(1449, 'MACHAME MASHARIKI', 56),
(1450, 'MACHAME NARUMU', 56),
(1451, 'MACHAME UROKI', 56),
(1452, 'MASAMA KATI', 56),
(1453, 'MASAMA KUSINI', 56),
(1454, 'MASAMA MAGHARIBI', 56),
(1455, 'MASAMA MASHARIKI', 56),
(1456, 'MASAMA RUNDUGAI', 56),
(1457, 'MNADANI', 56),
(1458, 'MUUNGANO', 56),
(1459, 'NARUMU', 56),
(1460, 'ROMU', 56),
(1461, 'WERUWERU', 56),
(1462, 'ARUSHA CHINI', 57),
(1463, 'KAHE MAGHARIBI', 57),
(1464, 'KAHE MASHARIKI', 57),
(1465, 'KIBOSHO KATI', 57),
(1466, 'KIBOSHO KIRIMA', 57),
(1467, 'KIBOSHO MAGHARIBI', 57),
(1468, 'KIBOSHO MASHARIKI', 57),
(1469, 'KIBOSHO OKAONI', 57),
(1470, 'KILEMA KASKAZINI', 57),
(1471, 'KILEMA KATI', 57),
(1472, 'KILEMA KUSINI', 57),
(1473, 'KIMOCHI', 57),
(1474, 'KINDI', 57),
(1475, 'KIRIMA', 57),
(1476, 'KIRUA VUNJO KUSINI', 57),
(1477, 'KIRUA VUNJO MAGHARIBI', 57),
(1478, 'KIRUA VUNJO MASHARIKI', 57),
(1479, 'MABOGINI', 57),
(1480, 'MAKUYUNI', 57),
(1481, 'MAKUYUNI (HIMO)', 57),
(1482, 'MAMBA KASKAZINI', 57),
(1483, 'MAMBA KUSINI', 57),
(1484, 'MARANGU MAGHARIBI', 57),
(1485, 'MARANGU MASHARIKI', 57),
(1486, 'MBOKOMU', 57),
(1487, 'MWIKA KASKAZINI', 57),
(1488, 'MWIKA KUSINI', 57),
(1489, 'NJIA PANDA', 57),
(1490, 'OKAONI', 57),
(1491, 'OLD MOSHI MAGHARIBI', 57),
(1492, 'OLD MOSHI MASHARIKI', 57),
(1493, 'TPC   ARUSHA', 57),
(1494, 'URU KASKAZINI', 57),
(1495, 'URU KUSINI', 57),
(1496, 'URU MASHARIKI', 57),
(1497, 'URU SHIMBWE', 57),
(1498, 'BOMAMBUZI', 58),
(1499, 'BOMBAMBUZI', 58),
(1500, 'BONDENI', 58),
(1501, 'KALOLENI', 58),
(1502, 'KARANGA', 58),
(1503, 'KIBORLONI', 58),
(1504, 'KILIMANJARO', 58),
(1505, 'KIUSA', 58),
(1506, 'KORONGONI', 58),
(1507, 'LONGUO', 58),
(1508, 'MAJENGO', 58),
(1509, 'MAWENZI', 58),
(1510, 'MFUMUNI', 58),
(1511, 'MIEMBENI', 58),
(1512, 'MJI MPYA', 58),
(1513, 'MSARANGA', 58),
(1514, 'NGAMBO', 58),
(1515, 'NG\'AMBO', 58),
(1516, 'NJORO', 58),
(1517, 'PASUA', 58),
(1518, 'RAU', 58),
(1519, 'SHIRIMATUNDA', 58),
(1520, 'SOWETO', 58),
(1521, 'CHOMVU', 59),
(1522, 'JIPE', 59),
(1523, 'KIFULA', 59),
(1524, 'KIGHARE', 59),
(1525, 'KIGONIGONI', 59),
(1526, 'KILEO', 59),
(1527, 'KILOMENI', 59),
(1528, 'KIRONGWE', 59),
(1529, 'KIRYA', 59),
(1530, 'KIVISINI', 59),
(1531, 'KWAKOA', 59),
(1532, 'LANGATA', 59),
(1533, 'LANG\'ATA', 59),
(1534, 'LEMBENI', 59),
(1535, 'MAGAGAO', 59),
(1536, 'MGAGAO', 59),
(1537, 'MSANGENI', 59),
(1538, 'MWANGA', 59),
(1539, 'MWANIKO', 59),
(1540, 'NGUJINI', 59),
(1541, 'SHIGHATINI', 59),
(1542, 'TOLOHA', 59),
(1543, 'ALENI', 60),
(1544, 'CHALA', 60),
(1545, 'CHALLA', 60),
(1546, 'HOLILI', 60),
(1547, 'KATANGARA MRERE', 60),
(1548, 'KELAMFUA MOKALA', 60),
(1549, 'KINGACHI', 60),
(1550, 'KIRONGO SAMANGA', 60),
(1551, 'KIRWA KENI', 60),
(1552, 'KIRWAKENI', 60),
(1553, 'KISALE MSARANGA', 60),
(1554, 'KITIRIMA', 60),
(1555, 'KWANDELE', 60),
(1556, 'MAHIDA', 60),
(1557, 'MAKIIDI', 60),
(1558, 'MAMSERA', 60),
(1559, 'MANDA', 60),
(1560, 'MARANGU', 60),
(1561, 'MARANGU KITOWO', 60),
(1562, 'MENGENI', 60),
(1563, 'MENGWE', 60),
(1564, 'MOTAMBURU KITENDENI', 60),
(1565, 'MRAO KERYO', 60),
(1566, 'MRAO KIERYO', 60),
(1567, 'NANJARA', 60),
(1568, 'NGOYONI', 60),
(1569, 'OLELE', 60),
(1570, 'REHA', 60),
(1571, 'SHIMBI', 60),
(1572, 'TARAKEA MOTAMBURU', 60),
(1573, 'UBETU KAHE', 60),
(1574, 'USHIRI IKUINI', 60),
(1575, 'USHIRI/IKUINI', 60),
(1576, 'BANGALALA', 61),
(1577, 'BENDERA', 61),
(1578, 'BIRIRI', 61),
(1579, 'BOMBO', 61),
(1580, 'BWAMBO', 61),
(1581, 'CHOME', 61),
(1582, 'DONYOMURUAK', 61),
(1583, 'DONYOMURWAK', 61),
(1584, 'GARARAGUA', 61),
(1585, 'GAVAO', 61),
(1586, 'GAVAO - SAWENI', 61),
(1587, 'HEDARU', 61),
(1588, 'IVAENY', 61),
(1589, 'KALEMAWE', 61),
(1590, 'KARANSI', 61),
(1591, 'KASHASHI', 61),
(1592, 'KIHURIO', 61),
(1593, 'KIRANGARE', 61),
(1594, 'KIRUA', 61),
(1595, 'KIRUWA', 61),
(1596, 'KISIMA', 61),
(1597, 'KISIWANI', 61),
(1598, 'LIVISHI', 61),
(1599, 'LUGULU', 61),
(1600, 'MABILIONI', 61),
(1601, 'MAHUU', 61),
(1602, 'MAKANYA', 61),
(1603, 'MAKIWARU', 61),
(1604, 'MAORE', 61),
(1605, 'MHEZI', 61),
(1606, 'MITI MIREFU', 61),
(1607, 'MPINJI', 61),
(1608, 'MSHEWA', 61),
(1609, 'MSINDO', 61),
(1610, 'MTII', 61),
(1611, 'MWEMBE', 61),
(1612, 'MYAMBA', 61),
(1613, 'NASAI', 61),
(1614, 'NDUMETI', 61),
(1615, 'NDUNGU', 61),
(1616, 'NGARENAIROBI', 61),
(1617, 'NJORO', 61),
(1618, 'OLKOLILI', 61),
(1619, 'ORKILILI', 61),
(1620, 'ORMELILI', 61),
(1621, 'RUVU', 61),
(1622, 'SAME', 61),
(1623, 'SANYA JUU', 61),
(1624, 'SONGU', 61),
(1625, 'STESHENI', 61),
(1626, 'SUJI', 61),
(1627, 'TAE', 61),
(1628, 'VUDEE', 61),
(1629, 'VUJE', 61),
(1630, 'VUMARI', 61),
(1631, 'VUNTA', 61),
(1632, 'CHACHANI', 63),
(1633, 'CHANJAANI', 63),
(1634, 'CHONGA', 63),
(1635, 'KIBOKONI', 63),
(1636, 'KICHUNGWANI', 63),
(1637, 'KILINDI', 63),
(1638, 'KWALE', 63),
(1639, 'MADUNGU', 63),
(1640, 'MATALE', 63),
(1641, 'MKOROSHONI', 63),
(1642, 'MSINGINI', 63),
(1643, 'NDAGONI', 63),
(1644, 'NG\'AMBWA', 63),
(1645, 'OLE', 63),
(1646, 'PUJINI', 63),
(1647, 'SHUNGI', 63),
(1648, 'TIBIRINZI', 63),
(1649, 'VITONGOJI', 63),
(1650, 'WADI', 63),
(1651, 'WARA', 63),
(1652, 'WAWI', 63),
(1653, 'ZIWANI', 63),
(1654, 'CHAMBANI', 64),
(1655, 'CHANGAWENI', 64),
(1656, 'CHOKOCHO', 64),
(1657, 'DODO', 64),
(1658, 'KANGANI', 64),
(1659, 'KENDWA', 64),
(1660, 'KENGEJA', 64),
(1661, 'KISIWA PANZA', 64),
(1662, 'KIWANI', 64),
(1663, 'MAKOMBENI', 64),
(1664, 'MAKOONGWE', 64),
(1665, 'MBUGUANI', 64),
(1666, 'MBUYUNI', 64),
(1667, 'MICHENZANI', 64),
(1668, 'MIZINGANI', 64),
(1669, 'MKANYAGENI', 64),
(1670, 'MKOANI', 64),
(1671, 'MTAMBILE', 64),
(1672, 'MTANGANI', 64),
(1673, 'MUAMBE', 64),
(1674, 'NG\'OMBENI', 64),
(1675, 'NGWACHANI', 64),
(1676, 'UWELENI', 64),
(1677, 'WAMBAA', 64),
(1678, 'BAMBI', 65),
(1679, 'BUNGI', 65),
(1680, 'CHEJU', 65),
(1681, 'CHWAKA', 65),
(1682, 'DUNGA', 65),
(1683, 'DUNGA BWENI', 65),
(1684, 'DUNGA KIEMBENI', 65),
(1685, 'JUMBI', 65),
(1686, 'KIBOJE', 65),
(1687, 'KIDIMI', 65),
(1688, 'KOANI', 65),
(1689, 'MACHUI', 65),
(1690, 'MICHAMVI', 65),
(1691, 'MIWANI', 65),
(1692, 'MPAPA', 65),
(1693, 'NDIJANI', 65),
(1694, 'TUNGUU', 65),
(1695, 'UBAGO', 65),
(1696, 'UNGUJA UKUU', 65),
(1697, 'UZI', 65),
(1698, 'UZINI', 65),
(1699, 'BWEJUU', 66),
(1700, 'JAMBIANI', 66),
(1701, 'JAMBIANI KIBIGIJA', 66),
(1702, 'JAMBIANI KIKADINI', 66),
(1703, 'KAJENGWA', 66),
(1704, 'KIJINI', 66),
(1705, 'KIZIMKAZI', 66),
(1706, 'MAKUNDUCHI', 66),
(1707, 'MTEGANI', 66),
(1708, 'MTENDE', 66),
(1709, 'MUUNGONI', 66),
(1710, 'MUYUNI', 66),
(1711, 'MZURI', 66),
(1712, 'NGANANI', 66),
(1713, 'PAJE', 66),
(1714, 'CHUMO', 67),
(1715, 'KANDAWALE', 67),
(1716, 'KIBATA', 67),
(1717, 'KIKOLE', 67),
(1718, 'KILWA MASOKO', 67),
(1719, 'KINJUMBI', 67),
(1720, 'KIPATIMU', 67),
(1721, 'KIRANJERANJE', 67),
(1722, 'KIVINJE', 67),
(1723, 'KIVINJE/SINGINO', 67),
(1724, 'LIHIMALYAO', 67),
(1725, 'LIKAWAGE', 67),
(1726, 'MANDAWA', 67),
(1727, 'MASOKO', 67),
(1728, 'MIGURUWE', 67),
(1729, 'MINGUMBI', 67),
(1730, 'MITEJA', 67),
(1731, 'MITOLE', 67),
(1732, 'NAMAYUNI', 67),
(1733, 'NANJILINJI', 67),
(1734, 'NANJIRINJI', 67),
(1735, 'NJINJO', 67),
(1736, 'PANDE', 67),
(1737, 'PANDE / MIKOMA', 67),
(1738, 'SOMANGA', 67),
(1739, 'SONGOSONGO', 67),
(1740, 'TINGI', 67),
(1741, 'CHIPONDA', 68),
(1742, 'KILANGALA', 68),
(1743, 'KILOLA MBWANI', 68),
(1744, 'KILOLAMBWANI', 68),
(1745, 'KINYOPE', 68),
(1746, 'KITOMANGA', 68),
(1747, 'KIWALALA', 68),
(1748, 'KIWAWA', 68),
(1749, 'LONGA', 68),
(1750, 'MAJENGO', 68),
(1751, 'MANDWANGA', 68),
(1752, 'MATIMBA', 68),
(1753, 'MCHINGA', 68),
(1754, 'MILOLA', 68),
(1755, 'MIPINGO', 68),
(1756, 'MNARA', 68),
(1757, 'MNOLELA', 68),
(1758, 'MTAMA', 68),
(1759, 'MTUA', 68),
(1760, 'MTUMBYA', 68),
(1761, 'MVULENI', 68),
(1762, 'NACHUNYU', 68),
(1763, 'NAHUKAHUKA', 68),
(1764, 'NAMANGALE', 68),
(1765, 'NAMUPA', 68),
(1766, 'NANGARU', 68),
(1767, 'NAVANGA', 68),
(1768, 'NYANGAMARA', 68),
(1769, 'NYANGAO', 68),
(1770, 'NYENGEDI', 68),
(1771, 'PANGATENA', 68),
(1772, 'RONDO CHIPONDA', 68),
(1773, 'RONDO MNARA', 68),
(1774, 'RUTAMBA', 68),
(1775, 'SUDI', 68),
(1776, 'CHIKONJI', 69),
(1777, 'JAMHURI', 69),
(1778, 'KITUMBIKWELA', 69),
(1779, 'MAKONDE', 69),
(1780, 'MATOPENI', 69),
(1781, 'MBANJA', 69),
(1782, 'MIKUMBI', 69),
(1783, 'MINGOYO', 69),
(1784, 'MITANDI', 69),
(1785, 'MNAZI MMOJA', 69),
(1786, 'MSINJAHILI', 69),
(1787, 'MTANDA', 69),
(1788, 'MWENGE', 69),
(1789, 'NACHINGWEA', 69),
(1790, 'NDORO', 69),
(1791, 'NGAPA', 69),
(1792, 'NGONGO', 69),
(1793, 'RAHALEO', 69),
(1794, 'RASBURA', 69),
(1795, 'TANDANGONGORO', 69),
(1796, 'WAILESI', 69),
(1797, 'BARIKIWA', 70),
(1798, 'KIANGARA', 70),
(1799, 'KIBUTUKA', 70),
(1800, 'KICHONDA', 70),
(1801, 'KIMAMBI', 70),
(1802, 'LIKONGOWELE', 70),
(1803, 'LILOMBE', 70),
(1804, 'LIWALE  B', 70),
(1805, 'LIWALE B', 70),
(1806, 'LIWALE MJINI', 70),
(1807, 'MAKATA', 70),
(1808, 'MANGIRIKITI', 70),
(1809, 'MBAYA', 70),
(1810, 'MIHUMO', 70),
(1811, 'MIRUI', 70),
(1812, 'MKUTANO', 70),
(1813, 'MLEMBWE', 70),
(1814, 'MPIGAMITI', 70),
(1815, 'NANGANDO', 70),
(1816, 'NANGANO', 70),
(1817, 'NGONGOWELE', 70),
(1818, 'BOMA', 71),
(1819, 'CHIOLA', 71),
(1820, 'CHIUMBATI SHULENI', 71),
(1821, 'KIEGEI', 71),
(1822, 'KILIMAHEWA', 71),
(1823, 'KILIMANIHEWA', 71),
(1824, 'KILIMARONDO', 71),
(1825, 'KIPARA MNERO', 71),
(1826, 'KIPARA MTUA', 71),
(1827, 'KITANDI', 71),
(1828, 'LIONJA', 71),
(1829, 'MARAMBO', 71),
(1830, 'MATEKWE', 71),
(1831, 'MBONDO', 71),
(1832, 'MCHONDA', 71),
(1833, 'MITUMBATI', 71),
(1834, 'MKOKA', 71),
(1835, 'MKOTOKUYANA', 71),
(1836, 'MNERO MIEMBENI', 71),
(1837, 'MNERO NGONGO', 71),
(1838, 'MPIRUKA', 71),
(1839, 'MTUA', 71),
(1840, 'NACHINGWEA', 71),
(1841, 'NACHINGWEA MJINI', 71),
(1842, 'NAIPANGA', 71),
(1843, 'NAIPINGO', 71),
(1844, 'NAMAPWIA', 71),
(1845, 'NAMATULA', 71),
(1846, 'NAMBAMBO', 71),
(1847, 'NAMIKANGO', 71),
(1848, 'NANGONDO', 71),
(1849, 'NANG\'ONDO', 71),
(1850, 'NANGOWE', 71),
(1851, 'NDITI', 71),
(1852, 'NDOMONI', 71),
(1853, 'NGUNICHILE', 71),
(1854, 'RAHA LEO', 71),
(1855, 'RAHALEO', 71),
(1856, 'RUPONDA', 71),
(1857, 'STESHENI', 71),
(1858, 'UGAWAJI', 71),
(1859, 'CHIBULA', 72),
(1860, 'CHIENJELE', 72),
(1861, 'CHINONGWE', 72),
(1862, 'CHUNYA', 72),
(1863, 'CHUNYU', 72),
(1864, 'LIKUNJA', 72),
(1865, 'LUCHELEGWA', 72),
(1866, 'LUCHELENGWA', 72),
(1867, 'MAKANJIRO', 72),
(1868, 'MALOLO', 72),
(1869, 'MANDARAWE', 72),
(1870, 'MANDAWA', 72),
(1871, 'MATAMBARALE', 72),
(1872, 'MBEKENYERA', 72),
(1873, 'MBWEMKURU', 72),
(1874, 'MBWEMKURU (MACHANG\'ANJA)', 72),
(1875, 'MNACHO', 72),
(1876, 'NACHINGWEA', 72),
(1877, 'NAMBILANJE', 72),
(1878, 'NAMICHIGA', 72),
(1879, 'NANDAGALA', 72),
(1880, 'NANDAGARA', 72),
(1881, 'NANGANGA', 72),
(1882, 'NARUNGOMBE', 72),
(1883, 'NARUNG\'OMBE', 72),
(1884, 'NKOWE', 72),
(1885, 'RUANGWA', 72),
(1886, 'CHUKWANI', 73),
(1887, 'DIMANI', 73),
(1888, 'FUONI', 73),
(1889, 'JITIMAI', 73),
(1890, 'KIBONDENI', 73),
(1891, 'KIEMBE SAMAKI', 73),
(1892, 'KIJITO UPELE', 73),
(1893, 'KIPUNGANI', 73),
(1894, 'KISAMAKI', 73),
(1895, 'KISAUNI', 73),
(1896, 'MAMBO SASA', 73),
(1897, 'MAUNGANI', 73),
(1898, 'MBWENI', 73),
(1899, 'MELI NNE', 73),
(1900, 'MOMBASA', 73),
(1901, 'MWANAKWEREKWE', 73),
(1902, 'MWEMBE MAJOGOO', 73),
(1903, 'NYAMANZI', 73),
(1904, 'PANGAWE', 73),
(1905, 'BUBUBU', 74),
(1906, 'CHUINI', 74),
(1907, 'DOLE', 74),
(1908, 'KAMA', 74),
(1909, 'KIANGA', 74),
(1910, 'KIDATU', 74),
(1911, 'KIHINANI', 74),
(1912, 'KIKAANGONI', 74),
(1913, 'MFENESINI', 74),
(1914, 'MONDULI', 74),
(1915, 'MTOFAANI', 74),
(1916, 'MTONI', 74),
(1917, 'MTOPEPO', 74),
(1918, 'MWAKAJE', 74),
(1919, 'MWANYANYA', 74),
(1920, 'MWERA', 74),
(1921, 'SHARIFU MSSA', 74),
(1922, 'WELEZO', 74),
(1923, 'Aragayi', 75),
(1924, 'ARRI', 75),
(1925, 'AYALAGAYA', 75),
(1926, 'AYASANDA', 75),
(1927, 'BASHNET', 75),
(1928, 'BOAY', 75),
(1929, 'DABIL', 75),
(1930, 'DABILI', 75),
(1931, 'DAREDA', 75),
(1932, 'DURU', 75),
(1933, 'ENDAKISO', 75),
(1934, 'GALLAPO', 75),
(1935, 'GIDAS', 75),
(1936, 'KIRU', 75),
(1937, 'KISANGAJI', 75),
(1938, 'MADUNGA', 75),
(1939, 'MAGARA', 75),
(1940, 'MAGUGU', 75),
(1941, 'MAMIRE', 75),
(1942, 'MWADA', 75),
(1943, 'NAR', 75),
(1944, 'NKAITI', 75),
(1945, 'QAMEYU', 75),
(1946, 'QASH', 75),
(1947, 'RIRODA', 75),
(1948, 'SECHEDA', 75),
(1949, 'UFANA', 75),
(1950, 'BABATI', 76),
(1951, 'BAGARA', 76),
(1952, 'BONGA', 76),
(1953, 'MAISAKA', 76),
(1954, 'MUTUKA', 76),
(1955, 'NANGARA', 76),
(1956, 'SIGINO', 76),
(1957, 'SINGE', 76),
(1958, 'BALANGDALALU', 77),
(1959, 'BASSODESH', 77),
(1960, 'BASSOTU', 77),
(1961, 'DAWAR', 77),
(1962, 'DIRMA', 77),
(1963, 'DUMBETA', 77),
(1964, 'EMBOREET', 77),
(1965, 'ENDAGAW', 77),
(1966, 'ENDASAK', 77),
(1967, 'ENDASIWOLD', 77),
(1968, 'ENDIAMTU', 77),
(1969, 'ENDONYONGIJAPE', 77),
(1970, 'GANANA', 77),
(1971, 'GARAWJA', 77),
(1972, 'GEHANDU', 77),
(1973, 'GENDABI', 77),
(1974, 'GETANUWAS', 77),
(1975, 'GIDAHABABIEG', 77),
(1976, 'GIDAHABABIENG', 77),
(1977, 'GISAMBALANG', 77),
(1978, 'GITING', 77),
(1979, 'GITTING', 77),
(1980, 'HIDET', 77),
(1981, 'HIRBADAW', 77),
(1982, 'HIRRADAW', 77),
(1983, 'ISHIPONGA', 77),
(1984, 'ISHPONGA', 77),
(1985, 'ISHPONGA', 77),
(1986, 'JORODOM', 77),
(1987, 'KATESH', 77),
(1988, 'KITWAI', 77),
(1989, 'KOMOLO', 77),
(1990, 'LAANGAI', 77),
(1991, 'LAGHANGA', 77),
(1992, 'LALAJI', 77),
(1993, 'LOIBORSIRET', 77),
(1994, 'LOIBORSOIT', 77),
(1995, 'MANGUSA', 77),
(1996, 'MASAKTA', 77),
(1997, 'MASQARODA', 77),
(1998, 'MEASKRON', 77),
(1999, 'MEASKRONI', 77),
(2000, 'MIRERANI', 77),
(2001, 'MOGITU', 77),
(2002, 'MSITU WA TEMBO', 77),
(2003, 'MULBADAW', 77),
(2004, 'NABERERA', 77),
(2005, 'NAISINYAI', 77),
(2006, 'NANGWA', 77),
(2007, 'NGORIKA', 77),
(2008, 'OLJORO NA5', 77),
(2009, 'ORKESUMENT', 77),
(2010, 'RUVUREMIT', 77),
(2011, 'SHAMBARAI', 77),
(2012, 'SIMBAY', 77),
(2013, 'SIROP', 77),
(2014, 'TERRAT', 77),
(2015, 'WARETA', 77),
(2016, 'BWAGAMOYO', 78),
(2017, 'BWAWANI', 78),
(2018, 'CHAPAKAZI', 78),
(2019, 'DONGO', 78),
(2020, 'DOSIDOSI', 78),
(2021, 'ENGUSERO', 78),
(2022, 'KALOLENI', 78),
(2023, 'KIBAYA', 78),
(2024, 'KIJUNGU', 78),
(2025, 'LAISERI', 78),
(2026, 'LENGATEI', 78),
(2027, 'LOLLERA', 78),
(2028, 'LOOLERA', 78),
(2029, 'MAGUNGU', 78),
(2030, 'MAKAME', 78),
(2031, 'MATUI', 78),
(2032, 'NAMELOCK', 78),
(2033, 'NDEDO', 78),
(2034, 'NDIRGISHI', 78),
(2035, 'NJORO', 78),
(2036, 'OLBOLOTI', 78),
(2037, 'OLOBOLOT', 78),
(2038, 'PARTIMBO', 78),
(2039, 'SONGAMBELE', 78),
(2040, 'SUNYA', 78),
(2041, 'AYAMAANI', 79),
(2042, 'AYAMAMI', 79),
(2043, 'AYAMOHE', 79),
(2044, 'AYOMOHE', 79),
(2045, 'BARGISH', 79),
(2046, 'BASHAY', 79),
(2047, 'DAUDI', 79),
(2048, 'DINAM', 79),
(2049, 'DINAMU', 79),
(2050, 'DONGOBESH', 79),
(2051, 'ENDAGIKOTI', 79),
(2052, 'ENDAGOKOT', 79),
(2053, 'ENDAHAGICHAN', 79),
(2054, 'ENDAMILAY', 79),
(2055, 'ESHKESH', 79),
(2056, 'GEHANDU', 79),
(2057, 'GETERER', 79),
(2058, 'GIDHIMU', 79),
(2059, 'GIDIHIM', 79),
(2060, 'GUNYODA', 79),
(2061, 'HAYDARER', 79),
(2062, 'HAYDOM', 79),
(2063, 'IMBORU', 79),
(2064, 'KAINAM', 79),
(2065, 'LABAY', 79),
(2066, 'MAGHANG', 79),
(2067, 'MANGHANG', 79),
(2068, 'MARANG', 79),
(2069, 'MARANGW', 79),
(2070, 'MARETADU', 79),
(2071, 'MASIEDA', 79),
(2072, 'MASQARODA', 79),
(2073, 'MURAY', 79),
(2074, 'MURRAY', 79),
(2075, 'NAHASEY', 79),
(2076, 'NAMBIS', 79),
(2077, 'NAMBISI', 79),
(2078, 'SANU BARAY', 79),
(2079, 'SANUBARAY', 79),
(2080, 'SILALODA', 79),
(2081, 'TLAWI', 79),
(2082, 'TUMATI', 79),
(2083, 'UHURU', 79),
(2084, 'YAEDA AMPA', 79),
(2085, 'YAEDAAMPA', 79),
(2086, 'YAEDACHINI', 79),
(2087, 'EDONYONGIJAPE', 80),
(2088, 'EMBOREET', 80),
(2089, 'EMBORET', 80),
(2090, 'ENDIAMTU', 80),
(2091, 'ENDIAMUTU', 80),
(2092, 'ENDONYONGIJAPE', 80),
(2093, 'KITWAI', 80),
(2094, 'KOMOLO', 80),
(2095, 'LANGAI', 80),
(2096, 'LOIBORSIRET', 80),
(2097, 'LOIBORSOIT', 80),
(2098, 'LOIBOSIRET', 80),
(2099, 'LOIBOSOIT', 80),
(2100, 'MERERANI', 80),
(2101, 'MIRERANI', 80),
(2102, 'MSITU WA TEMBO', 80),
(2103, 'NABERERA', 80),
(2104, 'NAISINYAI', 80),
(2105, 'NGORIKA', 80),
(2106, 'OLJORO NAMBA 5', 80),
(2107, 'ORKESUMET', 80),
(2108, 'RUVU REMIT', 80),
(2109, 'SHAMBARAI', 80),
(2110, 'TERRAT', 80),
(2111, 'BALILI', 81),
(2112, 'BUNDA MJINI', 81),
(2113, 'BUNDA STOO', 81),
(2114, 'BUTIMBA', 81),
(2115, 'CHITENGULE', 81),
(2116, 'GUTA', 81),
(2117, 'HUNYARI', 81),
(2118, 'IGUNDU', 81),
(2119, 'IRAMBA', 81),
(2120, 'KABARIMU', 81),
(2121, 'KABASA', 81),
(2122, 'KASUGUTI', 81),
(2123, 'KETARE', 81),
(2124, 'KIBARA', 81),
(2125, 'KISORYA', 81),
(2126, 'KITARE', 81),
(2127, 'KUNZUGU', 81),
(2128, 'MANYAMANYAMA', 81),
(2129, 'MCHARO', 81),
(2130, 'MIHINGO', 81),
(2131, 'MUGETA', 81),
(2132, 'NAMHULA', 81),
(2133, 'NAMPINDI', 81),
(2134, 'NANSIMO', 81),
(2135, 'NERUMA', 81),
(2136, 'NYAMAKOKOTO', 81),
(2137, 'NYAMANGUTA', 81),
(2138, 'NYAMANG\'UTA', 81),
(2139, 'NYAMIHORO', 81),
(2140, 'NYAMIHYOLO', 81),
(2141, 'NYAMUSWA', 81),
(2142, 'NYASURA', 81),
(2143, 'NYATWALI', 81),
(2144, 'SALAMA', 81),
(2145, 'SAZIRA', 81),
(2146, 'WARIKU', 81),
(2147, 'BISUMWA', 82),
(2148, 'BUHEMBA', 82),
(2149, 'BUKABWA', 82),
(2150, 'BURUMA', 82),
(2151, 'BUSEGWE', 82),
(2152, 'BUSWAHILI', 82),
(2153, 'BUTIAMA', 82),
(2154, 'BUTUGURI', 82),
(2155, 'BWIREGI', 82),
(2156, 'KAMUGEGI', 82),
(2157, 'KUKIRANGO', 82),
(2158, 'KYANYARI', 82),
(2159, 'MASABA', 82),
(2160, 'MIRWA', 82),
(2161, 'MURIAZA', 82),
(2162, 'NYAMIMANGE', 82),
(2163, 'NYANKANGA', 82),
(2164, 'SIRORISIMBA', 82),
(2165, 'BUGOJI', 83),
(2166, 'BUGWEMA', 83),
(2167, 'BUKIMA', 83),
(2168, 'BUKUMI', 83),
(2169, 'BULINGA', 83),
(2170, 'BUSAMBARA', 83),
(2171, 'BWASI', 83),
(2172, 'ETARO', 83),
(2173, 'IFULIFU', 83),
(2174, 'KIRIBA', 83),
(2175, 'MAKOJO', 83),
(2176, 'MRANGI', 83),
(2177, 'MUGANGO', 83),
(2178, 'MURANGI', 83),
(2179, 'MUSANJA', 83),
(2180, 'NYAKATENDE', 83),
(2181, 'NYAMBONO', 83),
(2182, 'NYAMRANDIRIRA', 83),
(2183, 'NYEGINA', 83),
(2184, 'RUSOLI', 83),
(2185, 'SUGUTI', 83),
(2186, 'TEGERUKA', 83),
(2187, 'NYAKATENDE', 84),
(2188, 'BUHARE', 84),
(2189, 'BWERI', 84),
(2190, 'IRINGO', 84),
(2191, 'KAMNYONGE', 84),
(2192, 'KAMUNYONGE', 84),
(2193, 'KIGERA', 84),
(2194, 'KITAJI', 84),
(2195, 'KWANGWA', 84),
(2196, 'MAKOKO', 84),
(2197, 'MSHIKAMANO', 84),
(2198, 'MUKENDO', 84),
(2199, 'MURANGI', 84),
(2200, 'MWIGOBERO', 84),
(2201, 'MWISENGE', 84),
(2202, 'NYAKATO', 84),
(2203, 'NYAMATARE', 84),
(2204, 'NYAMBONO', 84),
(2205, 'NYAMRANDIRIRA', 84),
(2206, 'NYASHO', 84),
(2207, 'RWAMLIMI', 84),
(2208, 'BARAKI', 85),
(2209, 'BUKURA', 85),
(2210, 'BUKWE', 85),
(2211, 'GORIBE', 85),
(2212, 'IKOMA', 85),
(2213, 'KIGUNGA', 85),
(2214, 'KINYENCHE', 85),
(2215, 'KIROGO', 85),
(2216, 'KISUMWA', 85),
(2217, 'KITEMBE', 85),
(2218, 'KOMUGE', 85),
(2219, 'KORYO', 85),
(2220, 'KYANGASAGA', 85),
(2221, 'KYANGOMBE', 85),
(2222, 'KYANG\'OMBE', 85),
(2223, 'MIRARE', 85),
(2224, 'MKOMA', 85),
(2225, 'NYABURONGO', 85),
(2226, 'NYAHONGO', 85),
(2227, 'NYAMAGARO', 85),
(2228, 'NYAMBORI', 85),
(2229, 'NYAMONGA', 85),
(2230, 'NYAMTINGA', 85),
(2231, 'NYAMUNGA', 85),
(2232, 'NYATHOROGO', 85),
(2233, 'RABOUR', 85),
(2234, 'RABUOR', 85),
(2235, 'RARANYA', 85),
(2236, 'ROCHE', 85),
(2237, 'TAI', 85),
(2238, 'BUSAWE', 86),
(2239, 'GEITASAMO', 86),
(2240, 'IKOMA', 86),
(2241, 'ISENYE', 86),
(2242, 'ISSENYE', 86),
(2243, 'KEBANCHABANCHA', 86),
(2244, 'KENYAMONTA', 86),
(2245, 'KISAKA', 86),
(2246, 'KISANGURA', 86),
(2247, 'KYAMBAHI', 86),
(2248, 'MACHOCHWE', 86),
(2249, 'MAGANGE', 86),
(2250, 'MAJIMOTO', 86),
(2251, 'MANCHIRA', 86),
(2252, 'MATARE', 86),
(2253, 'MBALIBALI', 86),
(2254, 'MOGUTENI', 86),
(2255, 'MOROTONGA', 86),
(2256, 'MOSONGO', 86),
(2257, 'MUGUMU', 86),
(2258, 'NAGUSI', 86),
(2259, 'NATTA', 86),
(2260, 'NYAMATARE', 86),
(2261, 'NYAMBURETI', 86),
(2262, 'NYAMOKO', 86),
(2263, 'NYANSURURA', 86),
(2264, 'RIGICHA', 86),
(2265, 'RINGWANI', 86),
(2266, 'RING\'WANI', 86),
(2267, 'RUNGABURE', 86),
(2268, 'RUNG\'ABURE', 86),
(2269, 'SEDECO', 86),
(2270, 'STEND KUU', 86),
(2271, 'STENDI KUU', 86),
(2272, 'UWANJA WA NDEGE', 86),
(2273, 'BINAGI', 87),
(2274, 'BOMANI', 87),
(2275, 'BUMARE', 87),
(2276, 'BUMERA', 87),
(2277, 'GANYANGE', 87),
(2278, 'GORONGA', 87),
(2279, 'GORONG\'A', 87),
(2280, 'GWITIRYO', 87),
(2281, 'ITIRYO', 87),
(2282, 'KATERE', 87),
(2283, 'KEMAMBO', 87),
(2284, 'KENYAMANYORI', 87),
(2285, 'KETARE', 87),
(2286, 'KIBASUKA', 87),
(2287, 'KIORE', 87),
(2288, 'KOMASWA', 87),
(2289, 'KUBITERERE', 87),
(2290, 'KWIHANCHA', 87),
(2291, 'MANGA', 87),
(2292, 'MATONGO', 87),
(2293, 'MBOGI', 87),
(2294, 'MURIBA', 87),
(2295, 'MWEMA', 87),
(2296, 'NKENDE', 87),
(2297, 'NYAKONGA', 87),
(2298, 'NYAMISANGURA', 87),
(2299, 'NYAMWAGA', 87),
(2300, 'NYANDOTO', 87),
(2301, 'NYANUNGU', 87),
(2302, 'NYARERO', 87),
(2303, 'NYAROKOBA', 87),
(2304, 'NYARUKOBA', 87),
(2305, 'NYASINCHA', 87),
(2306, 'PEMBA', 87),
(2307, 'REGICHERI', 87),
(2308, 'SABASABA', 87),
(2309, 'SIRARI', 87),
(2310, 'SUSUNI', 87),
(2311, 'TURWA', 87),
(2312, 'BWAWANI', 88),
(2313, 'CHALANGWA', 88),
(2314, 'CHOKAA', 88),
(2315, 'CHUNYA MJINI', 88),
(2316, 'IFUMBO', 88),
(2317, 'ITEWE', 88),
(2318, 'KAMBIKATOTO', 88),
(2319, 'KASANGA', 88),
(2320, 'LUALAJE', 88),
(2321, 'LUPA', 88),
(2322, 'MAFYEKO', 88),
(2323, 'MAKONGOLOSI', 88),
(2324, 'MAMBA', 88),
(2325, 'MATUNDASI', 88),
(2326, 'MATWIGA', 88),
(2327, 'MBUGANI', 88),
(2328, 'MKOLA', 88),
(2329, 'MTANILA', 88),
(2330, 'NKUNGUNGU', 88),
(2331, 'SANGAMBI', 88),
(2332, 'UPENDO', 88),
(2333, 'MAKWALE', 89),
(2334, 'BONDENI', 89),
(2335, 'BUJONDE', 89),
(2336, 'BUSALE', 89),
(2337, 'IBANDA', 89),
(2338, 'IKAMA', 89),
(2339, 'IKIMBA', 89),
(2340, 'IKOLO', 89),
(2341, 'IPANDE', 89),
(2342, 'IPINDA', 89),
(2343, 'IPYANA', 89),
(2344, 'ISAKI', 89),
(2345, 'ITOPE', 89),
(2346, 'ITUGE', 89),
(2347, 'ITUNGE', 89),
(2348, 'KAJUNJUMELE', 89),
(2349, 'KATUMBA SONGWE', 89),
(2350, 'KATUMBASONGWE', 89),
(2351, 'KISALE', 89),
(2352, 'KYELA', 89),
(2353, 'LUSUNGO', 89),
(2354, 'MABABU', 89),
(2355, 'MATEMA', 89),
(2356, 'MBUGANI', 89);
INSERT INTO `wards` (`wardId`, `wardName`, `fkDistrictId`) VALUES
(2357, 'MIKOROSHONI', 89),
(2358, 'MUUNGANO', 89),
(2359, 'MWANGANYANGA', 89),
(2360, 'MWAYA', 89),
(2361, 'NDANDALO', 89),
(2362, 'NDOBO', 89),
(2363, 'NGANA', 89),
(2364, 'NGONGA', 89),
(2365, 'NGUSA', 89),
(2366, 'NJISI', 89),
(2367, 'NKOKWA', 89),
(2368, 'NKUYU', 89),
(2369, 'SERENGETI', 89),
(2370, 'TALATALA', 89),
(2371, 'TENENDE', 89),
(2372, 'CHALISUKA', 90),
(2373, 'CHIMALA', 90),
(2374, 'IGAVA', 90),
(2375, 'IGURUSI', 90),
(2376, 'IHAHI', 90),
(2377, 'IMALILO SONGWE', 90),
(2378, 'IPWANI', 90),
(2379, 'ISISI', 90),
(2380, 'ITAMBOLEO', 90),
(2381, 'KONGOLO', 90),
(2382, 'KONGORO MSWISWI', 90),
(2383, 'LUGELELE', 90),
(2384, 'LUHANGA', 90),
(2385, 'MADIBIRA', 90),
(2386, 'MAHONGO MSWISWI', 90),
(2387, 'MAHONGOLE', 90),
(2388, 'MAPOGORO', 90),
(2389, 'MAWINDI', 90),
(2390, 'MIYOMBENI', 90),
(2391, 'MIYOMBWENI', 90),
(2392, 'MWATENGA', 90),
(2393, 'RUIWA', 90),
(2394, 'RUJEWA', 90),
(2395, 'UBARUKU', 90),
(2396, 'UTENGULE USANGU', 90),
(2397, 'UTURO', 90),
(2398, 'BONDE LA SONGWE', 91),
(2399, 'IGALE', 91),
(2400, 'IGOMA', 91),
(2401, 'IHANGO', 91),
(2402, 'IJOMBE', 91),
(2403, 'IKUKWA', 91),
(2404, 'ILEMBO', 91),
(2405, 'ILUNGU', 91),
(2406, 'INYALA', 91),
(2407, 'ISANGALA', 91),
(2408, 'ISUTO', 91),
(2409, 'ITAWA', 91),
(2410, 'ITEWE', 91),
(2411, 'IWIJI', 91),
(2412, 'IWINDI', 91),
(2413, 'IYALAWE', 91),
(2414, 'IYUNGA  MAPINDUZI', 91),
(2415, 'IYUNGA MAPINDUZI', 91),
(2416, 'IZYIRA', 91),
(2417, 'IZYRA', 91),
(2418, 'LWANJILO', 91),
(2419, 'LWANJIRO', 91),
(2420, 'MAENDELEO', 91),
(2421, 'MASOKO', 91),
(2422, 'MJELE', 91),
(2423, 'MSHEWE', 91),
(2424, 'MWABOWO', 91),
(2425, 'NSALALA', 91),
(2426, 'NSONGWI  MANTAJI', 91),
(2427, 'NSONGWI JUU', 91),
(2428, 'SANTILYA', 91),
(2429, 'SHIZUVI', 91),
(2430, 'SWAYA', 91),
(2431, 'TEMBELA', 91),
(2432, 'ULENJE', 91),
(2433, 'UTENGULE /USONGWE', 91),
(2434, 'UTENGULE USONGWE', 91),
(2435, 'YALAWE', 91),
(2436, 'FOREST', 92),
(2437, 'GHANA', 92),
(2438, 'IDUDA', 92),
(2439, 'IGANJO', 92),
(2440, 'IGANZO', 92),
(2441, 'IGAWILO', 92),
(2442, 'ILEMI', 92),
(2443, 'ILOMBA', 92),
(2444, 'ISANGA', 92),
(2445, 'ISYESYE', 92),
(2446, 'ITAGANO', 92),
(2447, 'ITENDE', 92),
(2448, 'ITEZI', 92),
(2449, 'ITIJI', 92),
(2450, 'IWAMBI', 92),
(2451, 'IYELA', 92),
(2452, 'IYUNGA', 92),
(2453, 'IZIWA', 92),
(2454, 'KALOBE', 92),
(2455, 'MAANGA', 92),
(2456, 'MABATINI', 92),
(2457, 'MAENDELEO', 92),
(2458, 'MAJENGO', 92),
(2459, 'MBALIZI ROAD', 92),
(2460, 'MWAKIBETE', 92),
(2461, 'MWANSANGA', 92),
(2462, 'MWANSEKWA', 92),
(2463, 'MWANSENKWA', 92),
(2464, 'MWASANGA', 92),
(2465, 'NONDE', 92),
(2466, 'NSALAGA', 92),
(2467, 'NSOHO', 92),
(2468, 'NYIBUKO', 92),
(2469, 'NZOVWE', 92),
(2470, 'RUANDA', 92),
(2471, 'SINDE', 92),
(2472, 'SISIMBA', 92),
(2473, 'TEMBELA', 92),
(2474, 'UYOLE', 92),
(2475, 'BAGAMOYO', 93),
(2476, 'BUJELA', 93),
(2477, 'BULYAGA', 93),
(2478, 'IBIGHI', 93),
(2479, 'IBIGI', 93),
(2480, 'IKUTI', 93),
(2481, 'ILIMA', 93),
(2482, 'IPONJOLA', 93),
(2483, 'ISANGE', 93),
(2484, 'ISANJE', 93),
(2485, 'ISONGOLE', 93),
(2486, 'ITAGATA', 93),
(2487, 'ITETE', 93),
(2488, 'KABULA', 93),
(2489, 'KAMBASEGELA', 93),
(2490, 'KANDETE', 93),
(2491, 'KAWETELE', 93),
(2492, 'KINYALA', 93),
(2493, 'KISEGESE', 93),
(2494, 'KISIBA', 93),
(2495, 'KISONDELA', 93),
(2496, 'KIWIRA', 93),
(2497, 'KYIMO', 93),
(2498, 'LUFILYO', 93),
(2499, 'LUFINGO', 93),
(2500, 'LUPATA', 93),
(2501, 'LUPEPO', 93),
(2502, 'LUTEBA', 93),
(2503, 'LWANGWA', 93),
(2504, 'MAKANDANA', 93),
(2505, 'MALINDO', 93),
(2506, 'MASEBE', 93),
(2507, 'MASOKO', 93),
(2508, 'MASUKULU', 93),
(2509, 'MATWEBE', 93),
(2510, 'MPATA', 93),
(2511, 'MPOMBO', 93),
(2512, 'MPUGUSO', 93),
(2513, 'MSASANI', 93),
(2514, 'NDANTO', 93),
(2515, 'NKUNGA', 93),
(2516, 'NTABA', 93),
(2517, 'SUMA', 93),
(2518, 'SWAYA', 93),
(2519, 'AMANI', 94),
(2520, 'CHUMBUNI', 94),
(2521, 'KILIMAHEWA', 94),
(2522, 'KWA MTIPURA', 94),
(2523, 'MAGOMENI', 94),
(2524, 'MIGOMBANI', 94),
(2525, 'MPENDAE', 94),
(2526, 'MWEMBE MAKUMBI', 94),
(2527, 'SHAURI MOYO', 94),
(2528, 'SOGEA', 94),
(2529, 'JANG\'OMBE', 95),
(2530, 'KIEMBESAMAKI', 95),
(2531, 'KIKWAJUNI', 95),
(2532, 'KWAALINATO', 95),
(2533, 'KWAHANI', 95),
(2534, 'MALINDI', 95),
(2535, 'MCHANGANI', 95),
(2536, 'MLANDEGE', 95),
(2537, 'MNAZI MMOJA', 95),
(2538, 'MUUNGANO', 95),
(2539, 'RAHALEO', 95),
(2540, 'SHANGANI', 95),
(2541, 'URUSI', 95),
(2542, 'CHAGONGWE', 96),
(2543, 'CHAKWALE', 96),
(2544, 'CHANJALE', 96),
(2545, 'CHIGELA', 96),
(2546, 'GAIRO', 96),
(2547, 'IDIBO', 96),
(2548, 'ITALAGWE', 96),
(2549, 'IYOGWE', 96),
(2550, 'KIBEDYA', 96),
(2551, 'LESHATA', 96),
(2552, 'LUBEHO', 96),
(2553, 'MADEGE', 96),
(2554, 'MAGOWEKO', 96),
(2555, 'MANDEGE', 96),
(2556, 'MKALAMA', 96),
(2557, 'MSINGISI', 96),
(2558, 'NONGWE', 96),
(2559, 'RUBEHO', 96),
(2560, 'UKWAMANI', 96),
(2561, 'CHING\'ANDA', 97),
(2562, 'CHISANO', 97),
(2563, 'CHITA', 97),
(2564, 'IDETE', 97),
(2565, 'IFAKARA', 97),
(2566, 'IGIMA', 97),
(2567, 'KALENGAKELO', 97),
(2568, 'KAMWENE', 97),
(2569, 'KATINDIUKA', 97),
(2570, 'KIBAONI', 97),
(2571, 'KIBEREGE', 97),
(2572, 'KIDATU', 97),
(2573, 'KISAWASAWA', 97),
(2574, 'LIPANGALALA', 97),
(2575, 'LUMEMO', 97),
(2576, 'MANG\'ULA', 97),
(2577, 'MANGULA  A', 97),
(2578, 'MANGULA  B', 97),
(2579, 'MASAGATI', 97),
(2580, 'MBASA', 97),
(2581, 'MBINGU', 97),
(2582, 'MCHOMBE', 97),
(2583, 'MICHENGA', 97),
(2584, 'MKULA', 97),
(2585, 'MLABANI', 97),
(2586, 'MLIMBA', 97),
(2587, 'MNGETA', 97),
(2588, 'MOFU', 97),
(2589, 'MSOLWA STATION', 97),
(2590, 'MWAYA', 97),
(2591, 'NAMWAWALA', 97),
(2592, 'SANJE', 97),
(2593, 'SIGNAL', 97),
(2594, 'UCHINDILE', 97),
(2595, 'UTENGULE', 97),
(2596, 'VIWANJA SITINI', 97),
(2597, 'BEREGA', 98),
(2598, 'CHANZURU', 98),
(2599, 'DUMILA', 98),
(2600, 'KASIKI', 98),
(2601, 'KIDETE', 98),
(2602, 'KIDODI', 98),
(2603, 'KILANGALI', 98),
(2604, 'KIMAMBA A', 98),
(2605, 'KIMAMBA B', 98),
(2606, 'KISANGA', 98),
(2607, 'KITETE', 98),
(2608, 'LUMBIJI', 98),
(2609, 'LUMUMA', 98),
(2610, 'MABULA', 98),
(2611, 'MABWEREBWERE', 98),
(2612, 'MADOTO', 98),
(2613, 'MAGOLE', 98),
(2614, 'MAGOMENI', 98),
(2615, 'MAGUBIKE', 98),
(2616, 'MAGUHA', 98),
(2617, 'MALOLO', 98),
(2618, 'MAMBOYA', 98),
(2619, 'MASANZE', 98),
(2620, 'MBIGIRI', 98),
(2621, 'MBUMI', 98),
(2622, 'MHENDA', 98),
(2623, 'MHENGA', 98),
(2624, 'MIKUMI', 98),
(2625, 'MKWATANI', 98),
(2626, 'MSOWELO', 98),
(2627, 'MSOWERO', 98),
(2628, 'MTUMBATU', 98),
(2629, 'MVUMI', 98),
(2630, 'PARAKUYO', 98),
(2631, 'RUAHA', 98),
(2632, 'RUDEWA', 98),
(2633, 'RUHEMBE', 98),
(2634, 'TINDIGA', 98),
(2635, 'ULAYA', 98),
(2636, 'ULELING\'OMBE', 98),
(2637, 'VIDUNDA', 98),
(2638, 'ZOMBO', 98),
(2639, 'BIRO', 99),
(2640, 'IGAWA', 99),
(2641, 'ITETE', 99),
(2642, 'KILOSA MPEPO', 99),
(2643, 'MALINYI', 99),
(2644, 'MTIMBIRA', 99),
(2645, 'NGOHERANGA', 99),
(2646, 'NJIWA', 99),
(2647, 'SOFI', 99),
(2648, 'USANGULE', 99),
(2649, 'BUNGU', 100),
(2650, 'BWAKILA CHINI', 100),
(2651, 'BWAKILA JUU', 100),
(2652, 'GWATA', 100),
(2653, 'KASANGA', 100),
(2654, 'KIBOGWA', 100),
(2655, 'KIBUKO', 100),
(2656, 'KIBOGWA', 100),
(2657, 'KIBUNGO JUU', 100),
(2658, 'KIDUGALO', 100),
(2659, 'KINOLE', 100),
(2660, 'KIROKA', 100),
(2661, 'KISAKI', 100),
(2662, 'KISEMU', 100),
(2663, 'KOLERO', 100),
(2664, 'KONDE', 100),
(2665, 'LUNDI', 100),
(2666, 'MATULI', 100),
(2667, 'MIKESE', 100),
(2668, 'MKAMBALANI', 100),
(2669, 'MKULAZI', 100),
(2670, 'MKUYUNI', 100),
(2671, 'MNGAZI', 100),
(2672, 'MTOMBOZI', 100),
(2673, 'MVUHA', 100),
(2674, 'NGERENGERE', 100),
(2675, 'NGWATA', 100),
(2676, 'SELEMBALA', 100),
(2677, 'SINGISA', 100),
(2678, 'TAWA', 100),
(2679, 'TEGETERO', 100),
(2680, 'TOMONDO', 100),
(2681, 'TUNUNGUO', 100),
(2682, 'BIGWA', 101),
(2683, 'BOMA', 101),
(2684, 'CHAMWINO', 101),
(2685, 'KAUZENI', 101),
(2686, 'KICHANGANI', 101),
(2687, 'KIHONDA', 101),
(2688, 'KIHONDA MAGHOROFANI', 101),
(2689, 'KILAKALA', 101),
(2690, 'KINGO', 101),
(2691, 'KINGOLWIRA', 101),
(2692, 'KIWANJA CHA NDEGE', 101),
(2693, 'LITI', 101),
(2694, 'LUHUNGO', 101),
(2695, 'LUKOBE', 101),
(2696, 'MAFIGA', 101),
(2697, 'MAFISA', 101),
(2698, 'MAGADU', 101),
(2699, 'MAZIMBU', 101),
(2700, 'MBUYUNI', 101),
(2701, 'MINDU', 101),
(2702, 'MJI MKUU', 101),
(2703, 'MJI MPYA', 101),
(2704, 'MKUNDI', 101),
(2705, 'MLIMANI', 101),
(2706, 'MWEMBE SONGO', 101),
(2707, 'MZINGA', 101),
(2708, 'SABASABA', 101),
(2709, 'SULTAN AREA', 101),
(2710, 'TUNGI', 101),
(2711, 'UWANJA WA TAIFA', 101),
(2712, 'BUNDUKI', 102),
(2713, 'DAKAWA', 102),
(2714, 'DIONGOYA', 102),
(2715, 'DOMA', 102),
(2716, 'HEMBETI', 102),
(2717, 'HOMBOZA', 102),
(2718, 'KANGA', 102),
(2719, 'KIBATI', 102),
(2720, 'KICHANGANI', 102),
(2721, 'KIKEO', 102),
(2722, 'KINDA', 102),
(2723, 'KWEUMA', 102),
(2724, 'LANGALI', 102),
(2725, 'LUALE', 102),
(2726, 'LUBUNGO', 102),
(2727, 'MANGAE', 102),
(2728, 'MASKATI', 102),
(2729, 'MELELA', 102),
(2730, 'MGETA', 102),
(2731, 'MHONDA', 102),
(2732, 'MKINDO', 102),
(2733, 'MLALI', 102),
(2734, 'MSONGOZI', 102),
(2735, 'MTIBWA', 102),
(2736, 'MVOMERO', 102),
(2737, 'MZIHA', 102),
(2738, 'MZUMBE', 102),
(2739, 'NYANDIRA', 102),
(2740, 'PEMBA', 102),
(2741, 'SUNGAJI', 102),
(2742, 'TCHENZEMA', 102),
(2743, 'CHIROMBOLA', 103),
(2744, 'EUGA', 103),
(2745, 'ILONGA', 103),
(2746, 'IRAGUA', 103),
(2747, 'ISONGO', 103),
(2748, 'KETAKETA', 103),
(2749, 'KICHANGANI', 103),
(2750, 'LUKANDE', 103),
(2751, 'LUPIRO', 103),
(2752, 'MAHENGE MJINI', 103),
(2753, 'MAWASILIANO', 103),
(2754, 'MBUGA', 103),
(2755, 'MILOLA', 103),
(2756, 'MINEPA', 103),
(2757, 'MSOGEZI', 103),
(2758, 'MWAYA', 103),
(2759, 'NAWENGE', 103),
(2760, 'RUAHA', 103),
(2761, 'SALI', 103),
(2762, 'UPONERA', 103),
(2763, 'VIGOI', 103),
(2764, 'CHANIKANGUO', 104),
(2765, 'CHIGUGU', 104),
(2766, 'CHIKOLOPOLA', 104),
(2767, 'CHIKUKWE', 104),
(2768, 'CHIKUNDI', 104),
(2769, 'CHIKUNJA', 104),
(2770, 'CHIUNGUTWA', 104),
(2771, 'CHIWALE', 104),
(2772, 'CHIWATA', 104),
(2773, 'JIDA', 104),
(2774, 'LIPUMBURU', 104),
(2775, 'LUKULEDI', 104),
(2776, 'LULINDI', 104),
(2777, 'LUPASO', 104),
(2778, 'MAKONG\'ONDA', 104),
(2779, 'MARIKA', 104),
(2780, 'MATAWALE', 104),
(2781, 'MBUYUNI', 104),
(2782, 'MCHAURU', 104),
(2783, 'MIGONGO', 104),
(2784, 'MIJELEJELE', 104),
(2785, 'MITESA', 104),
(2786, 'MJELEJELE', 104),
(2787, 'MKOMAINDO', 104),
(2788, 'MKULULU', 104),
(2789, 'MKUNDI', 104),
(2790, 'MKUTI', 104),
(2791, 'MLINGULA', 104),
(2792, 'MNAVIRA', 104),
(2793, 'MPANYANI', 104),
(2794, 'MPETA', 104),
(2795, 'MPINDIMBI', 104),
(2796, 'MSIKISI', 104),
(2797, 'MTANDI', 104),
(2798, 'MUMBAKA', 104),
(2799, 'MWENA', 104),
(2800, 'MWENGE MTAPIKA', 104),
(2801, 'NAMAJANI', 104),
(2802, 'NAMALENGA', 104),
(2803, 'NAMATUTWE', 104),
(2804, 'NANGANGA', 104),
(2805, 'NANGOO', 104),
(2806, 'NANJOTA', 104),
(2807, 'NAPUPA', 104),
(2808, 'NDANDA', 104),
(2809, 'NYASA', 104),
(2810, 'SINDANO', 104),
(2811, 'SULULU', 104),
(2812, 'TEMEKE', 104),
(2813, 'CHAWI', 105),
(2814, 'DIHIMBA', 105),
(2815, 'DINYECHA', 105),
(2816, 'HINJU', 105),
(2817, 'KIANGA', 105),
(2818, 'KIROMBA', 105),
(2819, 'KITAYA', 105),
(2820, 'KITERE', 105),
(2821, 'KIYANGA', 105),
(2822, 'LIBOBE', 105),
(2823, 'LIPWIDI', 105),
(2824, 'MADIMBA', 105),
(2825, 'MAHURUNGA', 105),
(2826, 'MANGO PACHANNE', 105),
(2827, 'MAYANGA', 105),
(2828, 'MBAWALA', 105),
(2829, 'MBEMBALEO', 105),
(2830, 'MILANGO MINNE', 105),
(2831, 'MKUNWA', 105),
(2832, 'MNIMA', 105),
(2833, 'MNONGODI', 105),
(2834, 'MOMA', 105),
(2835, 'MPAPURA', 105),
(2836, 'MSANGA MKUU', 105),
(2837, 'MSIMBATI', 105),
(2838, 'MTIMBWILIMBWI', 105),
(2839, 'MTINIKO', 105),
(2840, 'MUUNGANO', 105),
(2841, 'NALINGU', 105),
(2842, 'NAMTUMBUKA', 105),
(2843, 'NANGURUWE', 105),
(2844, 'NANYAMBA', 105),
(2845, 'NAUMBU', 105),
(2846, 'NDUMBWE', 105),
(2847, 'NITEKELA', 105),
(2848, 'NJENGWA', 105),
(2849, 'NYUNDO', 105),
(2850, 'TANGAZO', 105),
(2851, 'ZIWANI', 105),
(2852, 'CHIKONGOLA', 106),
(2853, 'CHUNO', 106),
(2854, 'JANGWANI', 106),
(2855, 'KISUNGULE', 106),
(2856, 'LIKOMBE', 106),
(2857, 'MAGENGENI', 106),
(2858, 'MAGOMENI', 106),
(2859, 'MAJENGO', 106),
(2860, 'MITENGO', 106),
(2861, 'MTAWANYA', 106),
(2862, 'MTONYA', 106),
(2863, 'NALIENDELE', 106),
(2864, 'RAHALEO', 106),
(2865, 'RELI', 106),
(2866, 'SHANGANI', 106),
(2867, 'TANDIKA', 106),
(2868, 'UFUKONI', 106),
(2869, 'VIGAENI', 106),
(2870, 'CHIPUPUTA', 107),
(2871, 'KAMUNDI', 107),
(2872, 'KILIMANIHEWA', 107),
(2873, 'LIKOKONA', 107),
(2874, 'LUMESULE', 107),
(2875, 'MANGAKA', 107),
(2876, 'MARATANI', 107),
(2877, 'MASUGURU', 107),
(2878, 'MICHIGA', 107),
(2879, 'MIKANGAULA', 107),
(2880, 'MKONONA', 107),
(2881, 'MNANJE', 107),
(2882, 'NAKOPI', 107),
(2883, 'NANDETE', 107),
(2884, 'NANGOMBA', 107),
(2885, 'NANYUMBU', 107),
(2886, 'NAPACHO', 107),
(2887, 'SENGENYA', 107),
(2888, 'CHIHANGU', 108),
(2889, 'CHILANGALA', 108),
(2890, 'CHITEKETE', 108),
(2891, 'CHIWONGA', 108),
(2892, 'JULIA', 108),
(2893, 'KITANGARI', 108),
(2894, 'LUCHINGU', 108),
(2895, 'MAHUMBIKA', 108),
(2896, 'MAKONGA', 108),
(2897, 'MAKOTE', 108),
(2898, 'MAKUKWE', 108),
(2899, 'MALATU', 108),
(2900, 'MAPUTI', 108),
(2901, 'MCHEMO', 108),
(2902, 'MCHOLI I', 108),
(2903, 'MCHOLI II', 108),
(2904, 'MDIMBA MPELEMPELE', 108),
(2905, 'MIKUMBI', 108),
(2906, 'MKOMA II', 108),
(2907, 'MKULUNG\'ULU', 108),
(2908, 'MKUNYA', 108),
(2909, 'MKWEDU', 108),
(2910, 'MNEKACHI', 108),
(2911, 'MNYAMBE', 108),
(2912, 'MNYEU', 108),
(2913, 'MPWAPWA', 108),
(2914, 'MTONYA', 108),
(2915, 'MTOPWA', 108),
(2916, 'MTUMACHI', 108),
(2917, 'MTUNGURU', 108),
(2918, 'MUUNGANO', 108),
(2919, 'NAKAHAKO', 108),
(2920, 'NAMBALI', 108),
(2921, 'NAMIYONGA', 108),
(2922, 'NANDWAHI', 108),
(2923, 'NANGURUWE', 108),
(2924, 'NANGWALA', 108),
(2925, 'TULINDANE', 108),
(2926, 'CHAUME', 109),
(2927, 'CHIKONGOLA', 109),
(2928, 'CHINGUNGWE', 109),
(2929, 'DINDUMA', 109),
(2930, 'KITAMA', 109),
(2931, 'KWANYAMA', 109),
(2932, 'LITEHU', 109),
(2933, 'LUAGALA', 109),
(2934, 'LUKOKODA', 109),
(2935, 'LYENJE', 109),
(2936, 'MAHUTA', 109),
(2937, 'MALOPOKELO', 109),
(2938, 'MAUNDO', 109),
(2939, 'MCHICHIRA', 109),
(2940, 'MDIMBA', 109),
(2941, 'MDIMBA MNYOMA', 109),
(2942, 'MICHENJELE', 109),
(2943, 'MIHAMBWE', 109),
(2944, 'MILONGODI', 109),
(2945, 'MIUTA', 109),
(2946, 'MKONJOWANO', 109),
(2947, 'MKOREHA', 109),
(2948, 'MKUNDI', 109),
(2949, 'MKWEDU', 109),
(2950, 'MKWITI', 109),
(2951, 'MNDUMBWE', 109),
(2952, 'MNYAWA', 109),
(2953, 'NAHNYANGA', 109),
(2954, 'NAMBAHU', 109),
(2955, 'NAMIKUPA', 109),
(2956, 'NANHYANGA', 109),
(2957, 'NAPUTA', 109),
(2958, 'NGUNJA', 109),
(2959, 'TANDAHIMBA', 109),
(2960, 'BANGWE', 110),
(2961, 'BUGORO', 110),
(2962, 'BUHAMA', 110),
(2963, 'BUKOKWA', 110),
(2964, 'BULYAHEKE', 110),
(2965, 'BUPABDWA', 110),
(2966, 'ILIGAMBA', 110),
(2967, 'IRENZA', 110),
(2968, 'KAFUNZO', 110),
(2969, 'KALEBEZO', 110),
(2970, 'KASISA', 110),
(2971, 'KATWE', 110),
(2972, 'KAZUNZU', 110),
(2973, 'LUGATA', 110),
(2974, 'LUHARANYONGA', 110),
(2975, 'MAISOME', 110),
(2976, 'NYAKALIRO', 110),
(2977, 'NYAKASASA', 110),
(2978, 'NYAKASUNGWA', 110),
(2979, 'NYANZENDA', 110),
(2980, 'NYEHUNGE', 110),
(2981, 'BUGOGWA', 111),
(2982, 'BUSWELU', 111),
(2983, 'BUZURUGA', 111),
(2984, 'IBUNGILO', 111),
(2985, 'ILEMELA', 111),
(2986, 'KAHAMA', 111),
(2987, 'KAWEKAMO', 111),
(2988, 'KAYENZE', 111),
(2989, 'KILIMAHEWA', 111),
(2990, 'KIRUMBA', 111),
(2991, 'KISEKE', 111),
(2992, 'KITANGIRI', 111),
(2993, 'MECCO', 111),
(2994, 'NYAKATO', 111),
(2995, 'NYAMANORO', 111),
(2996, 'NYAMHONGOLO', 111),
(2997, 'NYASAKA', 111),
(2998, 'PASIANSI', 111),
(2999, 'SANGABUYE', 111),
(3000, 'SHIBULA', 111),
(3001, 'BUGANDO', 112),
(3002, 'BUNGULWA', 112),
(3003, 'BUPAMWA', 112),
(3004, 'FUKALO', 112),
(3005, 'HUNGUMALWA', 112),
(3006, 'IGONGWA', 112),
(3007, 'ILULA', 112),
(3008, 'ISENI', 112),
(3009, 'KIKUBIJI', 112),
(3010, 'LYOMA', 112),
(3011, 'MALIGISU', 112),
(3012, 'MALYA', 112),
(3013, 'MANTARE', 112),
(3014, 'MHANDE', 112),
(3015, 'MWABOMBA', 112),
(3016, 'MWAGI', 112),
(3017, 'MWAKILYAMBITI', 112),
(3018, 'MWAKULWE', 112),
(3019, 'MWAMALA', 112),
(3020, 'MWANDU', 112),
(3021, 'MWANG\'HALANGA', 112),
(3022, 'MWANKULWE', 112),
(3023, 'NG\'HUNDI', 112),
(3024, 'NGUDU', 112),
(3025, 'NGULLA', 112),
(3026, 'NKALALO', 112),
(3027, 'NYAMBITI', 112),
(3028, 'NYAMILAMA', 112),
(3029, 'SHILEMBO', 112),
(3030, 'SUMVE', 112),
(3031, 'WALLA', 112),
(3032, 'BUHUMBI', 113),
(3033, 'BUJASHI', 113),
(3034, 'BUJORA', 113),
(3035, 'BUKANDWE', 113),
(3036, 'CHABULA', 113),
(3037, 'ISANDULA', 113),
(3038, 'ITUMBILI', 113),
(3039, 'JINJIMILI', 113),
(3040, 'KABILA', 113),
(3041, 'KAHANGARA', 113),
(3042, 'KANDAWE', 113),
(3043, 'KISESA', 113),
(3044, 'KITONGO SIMA', 113),
(3045, 'KONGOLO', 113),
(3046, 'LUBUGU', 113),
(3047, 'LUTARE', 113),
(3048, 'MAGU MJINI', 113),
(3049, 'MWAMABANZA', 113),
(3050, 'MWAMANGA', 113),
(3051, 'NG\'HAYA', 113),
(3052, 'NKUNGULU', 113),
(3053, 'NYANGUGE', 113),
(3054, 'NYIGOGO', 113),
(3055, 'SHISHANI', 113),
(3056, 'SUKUMA', 113),
(3057, 'BUHINGO', 114),
(3058, 'BUHUNDA', 114),
(3059, 'BULEMEJI', 114),
(3060, 'BUSONGO', 114),
(3061, 'FELLA', 114),
(3062, 'GULUMUNGU', 114),
(3063, 'IDETEMYA', 114),
(3064, 'IGOKELO', 114),
(3065, 'ILUJAMATE', 114),
(3066, 'ISENENGEJA', 114),
(3067, 'ISESA', 114),
(3068, 'ILUJAMATE', 114),
(3069, 'KANYELELE', 114),
(3070, 'KASOLOLO', 114),
(3071, 'KIJIMA', 114),
(3072, 'KOROMIJE', 114),
(3073, 'LUBILI', 114),
(3074, 'MABUKI', 114),
(3075, 'MAGANZO', 114),
(3076, 'MAMAYE', 114),
(3077, 'MBARIKA', 114),
(3078, 'MISASI', 114),
(3079, 'MISUNGWI', 114),
(3080, 'MONDO', 114),
(3081, 'MWANIKO', 114),
(3082, 'NHUNDULU', 114),
(3083, 'SHILALO', 114),
(3084, 'SUMBUGU', 114),
(3085, 'UKILIGURU', 114),
(3086, 'USAGARA', 114),
(3087, 'BUHONGWA', 115),
(3088, 'BUTIMBA', 115),
(3089, 'IGOGO', 115),
(3090, 'IGOMA', 115),
(3091, 'ISAMILO', 115),
(3092, 'Iwanhima', 115),
(3093, 'KISHILI', 115),
(3094, 'LUCHELELE', 115),
(3095, 'LWANHIMA', 115),
(3096, 'MABATINI', 115),
(3097, 'MAHINA', 115),
(3098, 'MANDU', 115),
(3099, 'MBUGANI', 115),
(3100, 'MIRONGO', 115),
(3101, 'MKOLANI', 115),
(3102, 'MKUYUNI', 115),
(3103, 'NYAMAGANA', 115),
(3104, 'NYEGEZI', 115),
(3105, 'PAMBA', 115),
(3106, 'KAZUNZU', 116),
(3107, 'BANGWE', 116),
(3108, 'BITOTO', 116),
(3109, 'BUGORO', 116),
(3110, 'BUKOKWA', 116),
(3111, 'BULYAHEKE', 116),
(3112, 'BUPANDWA', 116),
(3113, 'BUSISI', 116),
(3114, 'BUYAGU', 116),
(3115, 'BUZILASOGA', 116),
(3116, 'CHIFUNFU', 116),
(3117, 'IBISABAGENI', 116),
(3118, 'IBONDO', 116),
(3119, 'IGALULA', 116),
(3120, 'IGULUMUKI', 116),
(3121, 'ILIGAMBA', 116),
(3122, 'IRENZA', 116),
(3123, 'KAFUNZO', 116),
(3124, 'KAGUNGA', 116),
(3125, 'KAHUMULO', 116),
(3126, 'KALEBEZO', 116),
(3127, 'KASENYI', 116),
(3128, 'KASISA', 116),
(3129, 'KASUNGAMILE', 116),
(3130, 'KATUNGURU', 116),
(3131, 'KATWE', 116),
(3132, 'KISHINDA', 116),
(3133, 'LUGATA', 116),
(3134, 'LUHUZA', 116),
(3135, 'MAISOME', 116),
(3136, 'MISSION', 116),
(3137, 'MWABALUHI', 116),
(3138, 'NGOMA', 116),
(3139, 'NYAKALIRO', 116),
(3140, 'NYAKASASA', 116),
(3141, 'NYAKASUNGWA', 116),
(3142, 'NYAMATONGO', 116),
(3143, 'NYAMAZUGO', 116),
(3144, 'NYAMIZEZE', 116),
(3145, 'NYAMPANDE', 116),
(3146, 'NYAMPULUKANO', 116),
(3147, 'NYANZENDA', 116),
(3148, 'NYATUKALA', 116),
(3149, 'NYEHUNGE', 116),
(3150, 'SIMA', 116),
(3151, 'TABARUKA', 116),
(3152, 'UHARANYONGA', 116),
(3153, 'BUKANDA', 117),
(3154, 'BUKIKO', 117),
(3155, 'BUKINDO', 117),
(3156, 'BUKONGO', 117),
(3157, 'BUKUNGU', 117),
(3158, 'BWIRO', 117),
(3159, 'BWISYA', 117),
(3160, 'IGALLA', 117),
(3161, 'ILANGALA', 117),
(3162, 'IRUGWA', 117),
(3163, 'KAGERA', 117),
(3164, 'KAGUNGURI', 117),
(3165, 'KAKEREGE', 117),
(3166, 'KAKUKURU', 117),
(3167, 'MUKITUNTU', 117),
(3168, 'MURITI', 117),
(3169, 'MURUTUNGURU', 117),
(3170, 'NAKATUNGURU', 117),
(3171, 'NAMAGONDO', 117),
(3172, 'NAMILEMBE', 117),
(3173, 'NANSIO', 117),
(3174, 'NDURUMA', 117),
(3175, 'NGOMA', 117),
(3176, 'NKILIZYA', 117),
(3177, 'NYAMANGA', 117),
(3178, 'IBUMI', 118),
(3179, 'IWELA', 118),
(3180, 'KILONDO', 118),
(3181, 'LIFUMA', 118),
(3182, 'LUANA', 118),
(3183, 'LUBONDE', 118),
(3184, 'LUDENDE', 118),
(3185, 'LUDEWA', 118),
(3186, 'LUGARAWA', 118),
(3187, 'LUILO', 118),
(3188, 'LUMBILA', 118),
(3189, 'LUPANGA', 118),
(3190, 'LUPINGU', 118),
(3191, 'MADILU', 118),
(3192, 'MADOPE', 118),
(3193, 'MAKONDE', 118),
(3194, 'MANDA', 118),
(3195, 'MASASI', 118),
(3196, 'MAVANGA', 118),
(3197, 'MAWENGI', 118),
(3198, 'MILO', 118),
(3199, 'MKONGOBAKI', 118),
(3200, 'MLANGALI', 118),
(3201, 'MUNDINDI', 118),
(3202, 'NKOMANG\'OMBE', 118),
(3203, 'RUHUHU', 118),
(3204, 'TANDALA', 119),
(3205, 'UKWAMA', 119),
(3206, 'BULONGWA', 119),
(3207, 'IKUWO', 119),
(3208, 'INIHO', 119),
(3209, 'IPELELE', 119),
(3210, 'IPEPO', 119),
(3211, 'ISAPULANO', 119),
(3212, 'ITUNDU', 119),
(3213, 'IWAWA', 119),
(3214, 'KAPAGALO', 119),
(3215, 'KIGALA', 119),
(3216, 'KIGULU', 119),
(3217, 'KINYIKA', 119),
(3218, 'KIPAGALO', 119),
(3219, 'KITULO', 119),
(3220, 'LUPALILO', 119),
(3221, 'LUPILA', 119),
(3222, 'LUWUMBU', 119),
(3223, 'MANG\'OTO', 119),
(3224, 'MATAMBA', 119),
(3225, 'MBALATSE', 119),
(3226, 'MFUMBI', 119),
(3227, 'MLONDWE', 119),
(3228, 'LUPEMBE', 120),
(3229, 'MAFRIGA', 120),
(3230, 'IDAMBA', 120),
(3231, 'IGONGOLO', 120),
(3232, 'IHANGA', 120),
(3233, 'IKONDO', 120),
(3234, 'IKUNA', 120),
(3235, 'IWUNGILO', 120),
(3236, 'KICHIWA', 120),
(3237, 'KIDEGEMBYE', 120),
(3238, 'KIFANYA', 120),
(3239, 'KITANDILILO', 120),
(3240, 'KITISI', 120),
(3241, 'KIVAVI', 120),
(3242, 'LUGENGE', 120),
(3243, 'LUPONDE', 120),
(3244, 'LYAMKENA', 120),
(3245, 'MAGUVANI', 120),
(3246, 'MAHONGOLE', 120),
(3247, 'MAJENGO', 120),
(3248, 'MAKAMBAKO', 120),
(3249, 'MAKOWO', 120),
(3250, 'MATEMBWE', 120),
(3251, 'MATOLA', 120),
(3252, 'MJIMWEMA MKB', 120),
(3253, 'MJIMWEMA NJB', 120),
(3254, 'MLOWA', 120),
(3255, 'MTWANGO', 120),
(3256, 'MWEMBETOGWA', 120),
(3257, 'NINGA', 120),
(3258, 'NJOMBE MJINI', 120),
(3259, 'RAMADHANI', 120),
(3260, 'UKALAWA', 120),
(3261, 'UTALINGOLO', 120),
(3262, 'UTENGULE', 120),
(3263, 'UWEMBA', 120),
(3264, 'YAKOBI', 120),
(3265, 'IWUNGILO', 121),
(3266, 'NJOMBE MJINI', 121),
(3267, 'IHANGA', 121),
(3268, 'IKWETE', 121),
(3269, 'KIFANYA', 121),
(3270, 'KITANDILILO', 121),
(3271, 'KITISI', 121),
(3272, 'KIVAVI', 121),
(3273, 'LUGENGE', 121),
(3274, 'LUPONDE', 121),
(3275, 'LYAMKENA', 121),
(3276, 'MAGUVANI', 121),
(3277, 'MAHONGOLE', 121),
(3278, 'MAJENGO', 121),
(3279, 'MAKAMBAKO', 121),
(3280, 'MAKOWO', 121),
(3281, 'MATOLA', 121),
(3282, 'MJI MWEMA', 121),
(3283, 'MJIMWEMA', 121),
(3284, 'MLOWA', 121),
(3285, 'MWEMBETOGWA', 121),
(3286, 'RAMADHANI', 121),
(3287, 'UTALINGORO', 121),
(3288, 'UTENGULE', 121),
(3289, 'UWEMBA', 121),
(3290, 'YAKOBI', 121),
(3291, 'IGIMA', 122),
(3292, 'IGOSI', 122),
(3293, 'IGWACHANYA', 122),
(3294, 'ILEMBULA', 122),
(3295, 'IMALINYI', 122),
(3296, 'ITULAHUMBA', 122),
(3297, 'KIDUGALA', 122),
(3298, 'KIJOMBE', 122),
(3299, 'KIPENGELE', 122),
(3300, 'LUDUGA', 122),
(3301, 'MAKOGA', 122),
(3302, 'MALANGALI', 122),
(3303, 'MDANDU', 122),
(3304, 'SAJA', 122),
(3305, 'UDONJA', 122),
(3306, 'UHAMBULE', 122),
(3307, 'UHENGA', 122),
(3308, 'ULEMBWE', 122),
(3309, 'USUKA', 122),
(3310, 'WANGAMA', 122),
(3311, 'WANGING\'OMBE', 122),
(3312, 'BWILINGU', 123),
(3313, 'DUNDA', 123),
(3314, 'FUKAYOSI', 123),
(3315, 'KEREGE', 123),
(3316, 'KIBINDU', 123),
(3317, 'KIMANGE', 123),
(3318, 'KIROMO', 123),
(3319, 'KISUTU', 123),
(3320, 'KIWANGWA', 123),
(3321, 'KIWANGWA-old', 123),
(3322, 'LUGOBA', 123),
(3323, 'MAGOMENI', 123),
(3324, 'MAKURUNGE', 123),
(3325, 'MANDERA', 123),
(3326, 'MAPINGA', 123),
(3327, 'MBWEWE', 123),
(3328, 'MIONO', 123),
(3329, 'MKANGE', 123),
(3330, 'MSATA', 123),
(3331, 'MSOGA', 123),
(3332, 'NIA NJEMA', 123),
(3333, 'NIANJEMA', 123),
(3334, 'PERA', 123),
(3335, 'TALAWANDA', 123),
(3336, 'UBENA', 123),
(3337, 'UBENAZOMOZI', 123),
(3338, 'VIGWAZA', 123),
(3339, 'YOMBO', 123),
(3340, 'ZINGA', 123),
(3341, 'BOKO', 124),
(3342, 'BOKOMNEMELA', 124),
(3343, 'DUTUMI', 124),
(3344, 'GWATA', 124),
(3345, 'JANGA', 124),
(3346, 'KAWAWA', 124),
(3347, 'KIKONGO', 124),
(3348, 'KILANGALANGA', 124),
(3349, 'KWALA', 124),
(3350, 'MAGINDU', 124),
(3351, 'MLANDIZI', 124),
(3352, 'MTAMBANI', 124),
(3353, 'MTONGANI', 124),
(3354, 'RUVU', 124),
(3355, 'SOGA', 124),
(3356, 'KIBAHA', 125),
(3357, 'KONGOWE', 125),
(3358, 'MAILIMOJA', 125),
(3359, 'MBWAWA', 125),
(3360, 'MISUGUSUGU', 125),
(3361, 'MKUZA', 125),
(3362, 'MSANGANI', 125),
(3363, 'PANGANI', 125),
(3364, 'PICHA YA NDEGE', 125),
(3365, 'PICHANDEGE', 125),
(3366, 'SOFU', 125),
(3367, 'TANGINI', 125),
(3368, 'TUMBI', 125),
(3369, 'VISIGA', 125),
(3370, 'VIZIWA ZIWA', 125),
(3371, 'VIZIWAZIWA', 125),
(3372, 'BUNGU', 126),
(3373, 'DIMANI', 126),
(3374, 'KIBITI', 126),
(3375, 'KIONGORONI', 126),
(3376, 'KIORONGONI', 126),
(3377, 'MAHEGE', 126),
(3378, 'MAPALONI', 126),
(3379, 'MAPARONI', 126),
(3380, 'MBUCHI', 126),
(3381, 'MCHUKWI', 126),
(3382, 'MJAWA', 126),
(3383, 'MLANZI', 126),
(3384, 'MSALA', 126),
(3385, 'MTAWANYA', 126),
(3386, 'MTUNDA', 126),
(3387, 'MWAMBAO', 126),
(3388, 'RUARUKE', 126),
(3389, 'SALALE', 126),
(3390, 'BOGA', 127),
(3391, 'CHOLE', 127),
(3392, 'KAZIMZUMBWI', 127),
(3393, 'KIBUTA', 127),
(3394, 'KILUNYA', 127),
(3395, 'KILUVYA', 127),
(3396, 'KISARAWE', 127),
(3397, 'KURUI', 127),
(3398, 'MAFIZI', 127),
(3399, 'MANEROMANGO', 127),
(3400, 'MANERUMANGO', 127),
(3401, 'MARUI', 127),
(3402, 'MARUMBO', 127),
(3403, 'MASAKI', 127),
(3404, 'MSANGA', 127),
(3405, 'MSIMBU', 127),
(3406, 'MZENGA', 127),
(3407, 'VIHINGO', 127),
(3408, 'VIKUMBULU', 127),
(3409, 'VIKUMBURU', 127),
(3410, 'BALENI', 128),
(3411, 'JIBONDO', 128),
(3412, 'KANGA', 128),
(3413, 'KIEGAENI', 128),
(3414, 'KIEGEANI', 128),
(3415, 'KILINDONI', 128),
(3416, 'KIRONGWE', 128),
(3417, 'MIBULANI', 128),
(3418, 'MIBURANI', 128),
(3419, 'NDAGONI', 128),
(3420, 'BETA', 129),
(3421, 'BUPU', 129),
(3422, 'DONDO', 129),
(3423, 'KIMANZICHANA', 129),
(3424, 'KIPARANGANDA', 129),
(3425, 'KIPARANG\'ANDA', 129),
(3426, 'KISEGESE', 129),
(3427, 'KISEGESEGE', 129),
(3428, 'KISIJU', 129),
(3429, 'KITOMONDO', 129),
(3430, 'LUKANGA', 129),
(3431, 'MAGAWA', 129),
(3432, 'MBEZI', 129),
(3433, 'MIPEKO', 129),
(3434, 'MKAMBA', 129),
(3435, 'MKURANGA', 129),
(3436, 'MSONGA', 129),
(3437, 'MWANDEGE', 129),
(3438, 'MWARUSEMBE', 129),
(3439, 'NJIANNE', 129),
(3440, 'NYAMATO', 129),
(3441, 'PANZUO', 129),
(3442, 'SHUNGUBWENI', 129),
(3443, 'TAMBANI', 129),
(3444, 'TENGELEA', 129),
(3445, 'VIANZI', 129),
(3446, 'VIKINDU', 129),
(3447, 'BUNGU', 130),
(3448, 'CHEMCHEM', 130),
(3449, 'CHUMBI', 130),
(3450, 'IKWIRIRI', 130),
(3451, 'KIPUGIRA', 130),
(3452, 'MBWARA', 130),
(3453, 'MGOMBA', 130),
(3454, 'MKONGO', 130),
(3455, 'MOHORO', 130),
(3456, 'MWASENI', 130),
(3457, 'NGARAMBE', 130),
(3458, 'NGORONGO', 130),
(3459, 'UMWE', 130),
(3460, 'UTETE', 130),
(3461, 'SAMAZI', 131),
(3462, 'KANYEZI', 131),
(3463, 'KASANGA', 131),
(3464, 'KATAZI', 131),
(3465, 'KATETE', 131),
(3466, 'KILESHA', 131),
(3467, 'KISUMBA', 131),
(3468, 'LEGEZAMWENDO', 131),
(3469, 'LYOWA', 131),
(3470, 'MAMBWE KENYA', 131),
(3471, 'MAMBWE NKOSWE', 131),
(3472, 'MAMBWEKENYA', 131),
(3473, 'MAMBWENKOSWE', 131),
(3474, 'MATAI', 131),
(3475, 'MBULUMA', 131),
(3476, 'MKALI', 131),
(3477, 'MKOWE', 131),
(3478, 'MNAMBA', 131),
(3479, 'MPOMBWE', 131),
(3480, 'MSANZI', 131),
(3481, 'MWAZYE', 131),
(3482, 'MWIMBI', 131),
(3483, 'SOPA', 131),
(3484, 'SUNDU', 131),
(3485, 'ULUMI', 131),
(3486, 'CHALA', 132),
(3487, 'ISALE', 132),
(3488, 'ISALE ASILIA', 132),
(3489, 'ISALE NTUCHI', 132),
(3490, 'ISUNTA', 132),
(3491, 'ITETE', 132),
(3492, 'KABWE', 132),
(3493, 'KALA', 132),
(3494, 'KATE', 132),
(3495, 'KIPANDE', 132),
(3496, 'KIPILI', 132),
(3497, 'KIPINDU', 132),
(3498, 'KIPUNDU', 132),
(3499, 'KIRANDO', 132),
(3500, 'KIZUMBI', 132),
(3501, 'KORONGWE', 132),
(3502, 'MAJENGO', 132),
(3503, 'MASHETE', 132),
(3504, 'MKINGA', 132),
(3505, 'MKWAMBA', 132),
(3506, 'MTENGA', 132),
(3507, 'MYULA', 132),
(3508, 'NAMANYERE', 132),
(3509, 'NINDE', 132),
(3510, 'NKANDASI', 132),
(3511, 'NKOMOLO', 132),
(3512, 'NTATUMBILA', 132),
(3513, 'PARAMAWE', 132),
(3514, 'SINTALI', 132),
(3515, 'WAMPEMBE', 132),
(3516, 'KALUMBALEZA', 133),
(3517, 'KANDA', 133),
(3518, 'KILANGAWANA', 133),
(3519, 'LYANGALILE', 133),
(3520, 'CHANJI', 133),
(3521, 'IKOZI', 133),
(3522, 'ILEMBA', 133),
(3523, 'KAENGESA', 133),
(3524, 'KALAMBANZITE', 133),
(3525, 'KALAMBAZITE', 133),
(3526, 'KALUMBALELA', 133),
(3527, 'KAOZE', 133),
(3528, 'KAPENTA', 133),
(3529, 'KASANZAMA', 133),
(3530, 'KIPETA', 133),
(3531, 'LAELA', 133),
(3532, 'LUSAKA', 133),
(3533, 'MFINGA', 133),
(3534, 'MIANGALUA', 133),
(3535, 'MILEPA', 133),
(3536, 'MNOKOLA', 133),
(3537, 'MPUI', 133),
(3538, 'MPWAPWA', 133),
(3539, 'MSANDA', 133),
(3540, 'MSANDA MUUNGANO', 133),
(3541, 'MTOWISA', 133),
(3542, 'MUUNGANO', 133),
(3543, 'MUZE', 133),
(3544, 'MWADUI', 133),
(3545, 'NANKANGA', 133),
(3546, 'SANDULULA', 133),
(3547, 'ZIMBA', 133),
(3548, 'CHANJI', 134),
(3549, 'IZIA', 134),
(3550, 'KASENSE', 134),
(3551, 'KATANDALA', 134),
(3552, 'KIZWITE', 134),
(3553, 'LWICHE', 134),
(3554, 'MAFULALA', 134),
(3555, 'MAJENGO', 134),
(3556, 'MALANGALI', 134),
(3557, 'MATANGA', 134),
(3558, 'MAZWI', 134),
(3559, 'MILANZI', 134),
(3560, 'MOLLO', 134),
(3561, 'MOMOKA', 134),
(3562, 'MSUA', 134),
(3563, 'NTENDO', 134),
(3564, 'PITO', 134),
(3565, 'SENGA', 134),
(3566, 'SUMBAWANGA', 134),
(3567, 'GUMBIRO', 135),
(3568, 'KILAGANO', 135),
(3569, 'KIZUKA', 135),
(3570, 'LIGANGA', 135),
(3571, 'LILAHI', 135),
(3572, 'LITAPWASI', 135),
(3573, 'LITISHA', 135),
(3574, 'LITUTA', 135),
(3575, 'MAGAGURA', 135),
(3576, 'MAHANJE', 135),
(3577, 'MAPOSENI', 135),
(3578, 'MATETEREKA', 135),
(3579, 'MATIMILA', 135),
(3580, 'MATUMBI', 135),
(3581, 'MBINGA MHALULE', 135),
(3582, 'MHUKURU', 135),
(3583, 'MKONGOTEMA', 135),
(3584, 'MPANDANGINDO', 135),
(3585, 'MPITIMBI', 135),
(3586, 'MTYANGIMBOLE', 135),
(3587, 'NDONGOSI', 135),
(3588, 'PALANGU', 135),
(3589, 'PERAMIHO', 135),
(3590, 'WINO', 135),
(3591, 'AMANI  MAKOLO', 136),
(3592, 'AMANI MAKOLO', 136),
(3593, 'BETREHEMU', 136),
(3594, 'KAGUGU', 136),
(3595, 'KAMBARAGE', 136),
(3596, 'KIGONSERA', 136),
(3597, 'KIHANGI MAHUKA', 136),
(3598, 'KIHANGIMAHUKA', 136),
(3599, 'KIHUNGU', 136),
(3600, 'KIKOLO', 136),
(3601, 'KILIMANI', 136),
(3602, 'KINGONSERA', 136),
(3603, 'KIPAPA', 136),
(3604, 'KIPOLOLO', 136),
(3605, 'KITANDA', 136),
(3606, 'KITUMBALOMO', 136),
(3607, 'KITURA', 136),
(3608, 'LANGIRO', 136),
(3609, 'LINDA', 136),
(3610, 'LITEMBO', 136),
(3611, 'LITUMBANDYOSI', 136),
(3612, 'LUHUWIKO', 136),
(3613, 'LUKARASI', 136),
(3614, 'LUSONGA', 136),
(3615, 'LUWAITA', 136),
(3616, 'MAGUU', 136),
(3617, 'MAPERA', 136),
(3618, 'MASUMUNI', 136),
(3619, 'MATARAWE', 136),
(3620, 'MATEKA', 136),
(3621, 'MATIRI', 136),
(3622, 'MBAMBI', 136),
(3623, 'MBANGAMAO', 136),
(3624, 'MBINGA MJINI', 136),
(3625, 'MBINGA MJINI B', 136),
(3626, 'MBUJI', 136),
(3627, 'MHONGOZI', 136),
(3628, 'MIKALANGA', 136),
(3629, 'MKAKO', 136),
(3630, 'MKUMBI', 136),
(3631, 'MPAPA', 136),
(3632, 'MPEPAI', 136),
(3633, 'MUUNGANO', 136),
(3634, 'MYANGAYANGA', 136),
(3635, 'NAMSWEA', 136),
(3636, 'NGIMA', 136),
(3637, 'NYONI', 136),
(3638, 'RUANDA', 136),
(3639, 'UKATA', 136),
(3640, 'UTIRI', 136),
(3641, 'WUKIRO', 136),
(3642, 'BETREHEMU', 137),
(3643, 'KAGUGU', 137),
(3644, 'KIHUNGU', 137),
(3645, 'KIKOLO', 137),
(3646, 'KILIMANI', 137),
(3647, 'KITANDA', 137),
(3648, 'LUHUWIKO', 137),
(3649, 'LUSONGA', 137),
(3650, 'LUWAITA', 137),
(3651, 'MASUMUNI', 137),
(3652, 'MATARAWE', 137),
(3653, 'MATEKA', 137),
(3654, 'MBAMBI', 137),
(3655, 'MBANGAMAO', 137),
(3656, 'MBINGA B', 137),
(3657, 'MBINGA CBD', 137),
(3658, 'MPEPAI', 137),
(3659, 'MYANGAYANGA', 137),
(3660, 'UTIRI', 137),
(3661, 'HANGA', 138),
(3662, 'KITANDA', 138),
(3663, 'LIGERA', 138),
(3664, 'LIKUYU', 138),
(3665, 'LIKUYUSEKA', 138),
(3666, 'LIMAMU', 138),
(3667, 'LISIMONJI', 138),
(3668, 'LITOLA', 138),
(3669, 'LUCHILI', 138),
(3670, 'LUCHILI', 138),
(3671, 'LUEGU', 138),
(3672, 'LUSEWA', 138),
(3673, 'MAGAZINI', 138),
(3674, 'MCHOMOLO', 138),
(3675, 'MCHOMORO', 138),
(3676, 'MGOMBASI', 138),
(3677, 'MKONGO', 138),
(3678, 'MKONGO GULIONI', 138),
(3679, 'MPUTA', 138),
(3680, 'MSINDO', 138),
(3681, 'MSISIMA', 138),
(3682, 'NAMABENGO', 138),
(3683, 'NAMTUMBO', 138),
(3684, 'RWINGA', 138),
(3685, 'CHIWANDA', 139),
(3686, 'KIHAGARA', 139),
(3687, 'KILOSA', 139),
(3688, 'KINGERIKITI', 139),
(3689, 'LINGA', 139),
(3690, 'LIPARAMBA', 139),
(3691, 'LIPINGO', 139),
(3692, 'LITUHI', 139),
(3693, 'LIULI', 139),
(3694, 'LIWUNDI', 139),
(3695, 'LUHANGARASI', 139),
(3696, 'LUMEME', 139),
(3697, 'MBAHA', 139),
(3698, 'MBAMBABAY', 139),
(3699, 'MBAMBA-BAY', 139),
(3700, 'MIPOTOPOTO', 139),
(3701, 'MPEPO', 139),
(3702, 'MTIPWILI', 139),
(3703, 'NGUMBO', 139),
(3704, 'TINGI', 139),
(3705, 'UPOLO', 139),
(3706, 'BOMBAMBILI', 140),
(3707, 'GUMBIRO', 140),
(3708, 'KILAGANO', 140),
(3709, 'KIZUKA', 140),
(3710, 'LIGANGA', 140),
(3711, 'LILAHI', 140),
(3712, 'LITAPWASI', 140),
(3713, 'LITISHA', 140),
(3714, 'LITUTA', 140),
(3715, 'MAGAGULA', 140),
(3716, 'MAGAGURA', 140),
(3717, 'MAHANJE', 140),
(3718, 'MAPOSENI', 140),
(3719, 'MATETELEKA', 140),
(3720, 'MATETEREKA', 140),
(3721, 'MATIMILA', 140),
(3722, 'MATUMBI', 140),
(3723, 'MBINGA MHALULE', 140),
(3724, 'MHUKURU', 140),
(3725, 'MJINI', 140),
(3726, 'MKONGOTEMA', 140),
(3727, 'MPANDANGINDO', 140),
(3728, 'MPITIMBI', 140),
(3729, 'MTYANGIMBOLE', 140),
(3730, 'MUHUKURU', 140),
(3731, 'NDONGOSI', 140),
(3732, 'PALANGU', 140),
(3733, 'PARANGU', 140),
(3734, 'PERAMIHO', 140),
(3735, 'WINO', 140),
(3736, 'BOMBAMBILI', 141),
(3737, 'LILAMBO', 141),
(3738, 'LIZABONI', 141),
(3739, 'MAJENGO', 141),
(3740, 'MASHANGANO', 141),
(3741, 'MATARAWE', 141),
(3742, 'MATEKA', 141),
(3743, 'MATOGORO', 141),
(3744, 'MFARANYAKI', 141),
(3745, 'MISUFINI', 141),
(3746, 'MJIMWEMA', 141),
(3747, 'MJINI', 141),
(3748, 'MLETELE', 141),
(3749, 'MSAMALA', 141),
(3750, 'MSHANGANO', 141),
(3751, 'MWENGEMSHINDO', 141),
(3752, 'NDILIMALITEMBO', 141),
(3753, 'RUHUWIKO', 141),
(3754, 'RUVUMA', 141),
(3755, 'SEEDFARM', 141),
(3756, 'SUBIRA', 141),
(3757, 'TANGA', 141),
(3758, 'TINGINYA', 142),
(3759, 'CHIWANA', 142),
(3760, 'JAKIKA', 142),
(3761, 'KALULU', 142),
(3762, 'KIDODOMA', 142),
(3763, 'LIGOMA', 142),
(3764, 'LIGUNGA', 142),
(3765, 'LUKUMBULE', 142),
(3766, 'MAJENGO', 142),
(3767, 'MAJIMAJI', 142),
(3768, 'MARUMBA', 142),
(3769, 'MASONYA', 142),
(3770, 'MATEMANGA', 142),
(3771, 'MBATI', 142),
(3772, 'MBESA', 142),
(3773, 'MCHANGANI', 142),
(3774, 'MCHESI', 142),
(3775, 'MCHOTEKA', 142),
(3776, 'MCHULUKA', 142),
(3777, 'MINDU', 142),
(3778, 'MISECHELA', 142),
(3779, 'MISECHELE', 142),
(3780, 'MLINGOTI MAGHARIBI', 142),
(3781, 'MLINGOTI MASHARIKI', 142),
(3782, 'MLINGOTINI MAGHARIBI', 142),
(3783, 'MTINA', 142),
(3784, 'MUHUWESI', 142),
(3785, 'NAKAPANYA', 142),
(3786, 'NAKAYAYA', 142),
(3787, 'NALASI MAGHARIBI', 142),
(3788, 'NALASI MASHARIKI', 142),
(3789, 'NALASIMAGHARIBI', 142),
(3790, 'NAMAKAMBALE', 142),
(3791, 'NAMASAKATA', 142),
(3792, 'NAMIUNGO', 142),
(3793, 'NAMPUNGU', 142),
(3794, 'NAMWINYU', 142),
(3795, 'NANDEMBO', 142),
(3796, 'NANJOKA', 142),
(3797, 'NGAPA', 142),
(3798, 'SISI KWA SISI', 142),
(3799, 'TUWEMACHO', 142),
(3800, 'BUGARAMA', 143),
(3801, 'BUKOMELA', 143),
(3802, 'BULIGE', 143),
(3803, 'BULUNGWA', 143),
(3804, 'BULYANHULU', 143),
(3805, 'BULYAN\'HULU', 143),
(3806, 'BUSANGI', 143),
(3807, 'BUSOKA', 143),
(3808, 'BUTONAOLO', 143),
(3809, 'CHAMBO', 143),
(3810, 'CHELA', 143),
(3811, 'CHONA', 143),
(3812, 'IDAHINA', 143),
(3813, 'IGUNDA', 143),
(3814, 'IGWAMANONI', 143),
(3815, 'IKINDA', 143),
(3816, 'ISAGEHE', 143),
(3817, 'ISAKA', 143),
(3818, 'IYENZE', 143),
(3819, 'JAANA', 143),
(3820, 'JANA', 143),
(3821, 'KAGONGWA', 143),
(3822, 'KAHAMA MJINI', 143),
(3823, 'KASHISHI', 143),
(3824, 'KILAGO', 143),
(3825, 'KINAGA', 143),
(3826, 'KINAMAPULA', 143),
(3827, 'KISUKE', 143),
(3828, 'LUNGUYA', 143),
(3829, 'MAJENGO', 143),
(3830, 'MALUNGA', 143),
(3831, 'MAPAMBA', 143),
(3832, 'MEGA', 143),
(3833, 'MHONGOLO', 143),
(3834, 'MHUNGULA', 143),
(3835, 'MONDO', 143),
(3836, 'MPUNZE', 143),
(3837, 'MWAKATA', 143),
(3838, 'MWALUGULU', 143),
(3839, 'MWANASE', 143),
(3840, 'MWANDAKULIMA', 143),
(3841, 'MWENDAKULIMA', 143),
(3842, 'NGAYA', 143),
(3843, 'NGOGWA', 143),
(3844, 'NTOBO', 143),
(3845, 'NYAHANGA', 143),
(3846, 'NYAMILANGANO', 143),
(3847, 'NYANDEKWA', 143),
(3848, 'NYANKENDE', 143),
(3849, 'NYASUBI', 143),
(3850, 'NYIHOGO', 143),
(3851, 'SABASABINI', 143),
(3852, 'SEGESE', 143),
(3853, 'SHILEKA', 143),
(3854, 'SHILELA', 143),
(3855, 'UBAGWE', 143),
(3856, 'UKUNE', 143),
(3857, 'ULEWE', 143),
(3858, 'ULOLWA', 143),
(3859, 'ULOWA', 143),
(3860, 'USHETU', 143),
(3861, 'UYOGO', 143),
(3862, 'WENDELE', 143),
(3863, 'ZONGOMELA', 143),
(3864, 'ZONGOMERA', 143),
(3865, 'BUBIKI', 144),
(3866, 'BUNAMBIYU', 144),
(3867, 'BUPIGI', 144),
(3868, 'BUPIPI', 144),
(3869, 'BUSANGWA', 144),
(3870, 'IDUKILO', 144),
(3871, 'IGAGA', 144),
(3872, 'ITILIMA', 144),
(3873, 'KILOLELI', 144),
(3874, 'KISHAPU', 144),
(3875, 'LAGANA', 144),
(3876, 'MAGANZO', 144),
(3877, 'MASANGA', 144),
(3878, 'MONDO', 144),
(3879, 'MWADUI LOHUMBO', 144),
(3880, 'MWADUI- LUHUMBO', 144),
(3881, 'MWAKIPOYA', 144),
(3882, 'MWAMALASA', 144),
(3883, 'MWAMASHELE', 144),
(3884, 'MWASUBI', 144),
(3885, 'MWATAGA', 144),
(3886, 'MWAWEJA', 144),
(3887, 'NDOLELEJI', 144),
(3888, 'NGOFILA', 144),
(3889, 'SEKE BUGORO', 144),
(3890, 'SEKE-BUGOLO', 144),
(3891, 'SHAGIHILU', 144),
(3892, 'SOMAGEDI', 144),
(3893, 'SOMAGENDI', 144),
(3894, 'SONGWA', 144),
(3895, 'TALAGA', 144),
(3896, 'UCHUNGA', 144),
(3897, 'UKENYENGE', 144),
(3898, 'BUKENE', 145),
(3899, 'MASENGWA', 145),
(3900, 'MWALUKWA', 145),
(3901, 'NYAMALOGO', 145),
(3902, 'PUNI', 145),
(3903, 'CHAMAGUHA', 145),
(3904, 'DIDIA', 145),
(3905, 'ILOLA', 145),
(3906, 'IMESELA', 145),
(3907, 'ISELAMAGAZI', 145),
(3908, 'ITWANGI', 145),
(3909, 'LYABUKANDE', 145),
(3910, 'LYABUSALU', 145),
(3911, 'LYAMIDATI', 145),
(3912, 'MWAKITOLYO', 145),
(3913, 'MWAMALA', 145),
(3914, 'MWANTINI', 145),
(3915, 'MWENGE', 145),
(3916, 'NSALALA', 145),
(3917, 'NYIDA', 145),
(3918, 'PANDAGICHIZA', 145),
(3919, 'SALAWE', 145),
(3920, 'SAMUYE', 145),
(3921, 'SOLWA', 145),
(3922, 'TINDE', 145),
(3923, 'USANDA', 145),
(3924, 'USULE', 145),
(3925, 'CHAMAGUHA', 146),
(3926, 'CHIBE', 146),
(3927, 'IBADAKULI', 146),
(3928, 'IBINZAMATA', 146),
(3929, 'KAMBARAGE', 146),
(3930, 'KITANGILI', 146),
(3931, 'KIZUMBI', 146),
(3932, 'KOLANDOTO', 146),
(3933, 'LUBAGA', 146),
(3934, 'LUGABA', 146),
(3935, 'MASEKELO', 146),
(3936, 'MJINI', 146),
(3937, 'MWAMALILI', 146),
(3938, 'MWAWAZA', 146),
(3939, 'NDALA', 146),
(3940, 'NDALLA', 146),
(3941, 'NDEMBEZI', 146),
(3942, 'NGOKOLO', 146),
(3943, 'OLD SHINYANGA', 146),
(3944, 'BANEMHI', 147),
(3945, 'BARIADI', 147),
(3946, 'BENEMHI', 147),
(3947, 'BUNAMHALA', 147),
(3948, 'DUTWA', 147),
(3949, 'GAMBOSI', 147),
(3950, 'GIBISHI', 147),
(3951, 'GILYA', 147),
(3952, 'GUDUWI', 147),
(3953, 'IHUSI', 147),
(3954, 'IKUNGULYABASHASHI', 147),
(3955, 'ISANGA', 147),
(3956, 'ITUBUKILO', 147),
(3957, 'KASOLI', 147),
(3958, 'KILALO', 147),
(3959, 'MALAMBO', 147),
(3960, 'MASEWA', 147),
(3961, 'MATONGO', 147),
(3962, 'MHANGO', 147),
(3963, 'MWADOBANA', 147),
(3964, 'MWASUBUYA', 147),
(3965, 'MWAUBINGI', 147),
(3966, 'MWAUMATONDO', 147),
(3967, 'NGULYATI', 147),
(3968, 'NKINDWABIYE', 147),
(3969, 'NKOLOLO', 147),
(3970, 'NYAKABINDI', 147),
(3971, 'NYANGOKOLWA', 147),
(3972, 'SAKWE', 147),
(3973, 'SAPIWI', 147),
(3974, 'SIMA', 147),
(3975, 'SOMANDA', 147),
(3976, 'KILOLELI', 148),
(3977, 'BADUGU', 148),
(3978, 'IGALUKILO', 148),
(3979, 'IMALAMATE', 148),
(3980, 'KABITA', 148),
(3981, 'KALEMELA', 148),
(3982, 'LAMADI', 148),
(3983, 'LUTUBIGA', 148),
(3984, 'MALILI', 148),
(3985, 'MKULA', 148),
(3986, 'MWAMANYILI', 148),
(3987, 'NGASAMO', 148),
(3988, 'NYALUHANDE', 148),
(3989, 'NYARUHANDE', 148),
(3990, 'NYASHIMO', 148),
(3991, 'SHIGALA', 148),
(3992, 'ZAGAYU', 149),
(3993, 'BUDALABUJIGA', 149),
(3994, 'BUMERA', 149),
(3995, 'CHINAMILI', 149),
(3996, 'IKINDILO', 149),
(3997, 'KINAMWELI', 149),
(3998, 'LAGANGABILILI', 149),
(3999, 'LUGURU', 149),
(4000, 'MBITA', 149),
(4001, 'MHUNZE', 149),
(4002, 'MIGATO', 149),
(4003, 'MWABAYANDA', 149),
(4004, 'MWALUSHU', 149),
(4005, 'MWAMAPALALA', 149),
(4006, 'MWAMTANI', 149),
(4007, 'MWASWALE', 149),
(4008, 'NDOLELEZI', 149),
(4009, 'NHOBORA', 149),
(4010, 'NKOMA', 149),
(4011, 'NKUYU', 149),
(4012, 'NYAMALAPA', 149),
(4013, 'SAGATA', 149),
(4014, 'SAWIDA', 149),
(4015, 'BADI', 150),
(4016, 'BINZA', 150),
(4017, 'BUCHAMBI', 150),
(4018, 'BUDEKWA', 150),
(4019, 'BUGARAMA', 150),
(4020, 'BUSAGI', 150),
(4021, 'BUSANGI', 150),
(4022, 'BUSILILI', 150),
(4023, 'DAKAMA', 150),
(4024, 'IPILILO', 150),
(4025, 'ISANGA', 150),
(4026, 'JIJA', 150),
(4027, 'KADOTO', 150),
(4028, 'KIDABU', 150),
(4029, 'KULIMI', 150),
(4030, 'LALAGO', 150),
(4031, 'MALAMPAKA', 150),
(4032, 'MASELA', 150),
(4033, 'MATABA', 150),
(4034, 'MBALAGANE', 150),
(4035, 'MBARAGANE', 150),
(4036, 'MPINDO', 150),
(4037, 'MWABARATULU', 150),
(4038, 'MWABAYANDA', 150),
(4039, 'MWAMANENGE', 150),
(4040, 'MWAMASHIMBA', 150),
(4041, 'MWANGHONOLI', 150),
(4042, 'MWAN\'HONOLI', 150),
(4043, 'NGULIGULI', 150),
(4044, 'NGULINGULI', 150),
(4045, 'NGWIGWA', 150),
(4046, 'NG\'WIGWA', 150),
(4047, 'NYABUBINZA', 150),
(4048, 'NYALIKUNGU', 150),
(4049, 'SANGAMWALUGESHA', 150),
(4050, 'SANGAMWALUGESHI', 150),
(4051, 'SENANI', 150),
(4052, 'SENGWA', 150),
(4053, 'SENG\'WA', 150),
(4054, 'SHANWA', 150),
(4055, 'SHISHIYU', 150),
(4056, 'SOLA', 150),
(4057, 'SUKUMA', 150),
(4058, 'ZANZUI', 150),
(4059, 'BUKUNDI', 151),
(4060, 'IMALASEKO', 151),
(4061, 'ISENGWA', 151),
(4062, 'ITINJE', 151),
(4063, 'KABONDO', 151),
(4064, 'KIMALI', 151),
(4065, 'KISESA', 151),
(4066, 'LINGEKA', 151),
(4067, 'LUBIGA', 151),
(4068, 'MBUGAYABANGHYA', 151),
(4069, 'MBUGAYABHANYA', 151),
(4070, 'MBUSHI', 151),
(4071, 'MWABUMA', 151),
(4072, 'MWABUSALU', 151),
(4073, 'MWABUZO', 151),
(4074, 'MWAKISANDU', 151),
(4075, 'MWAKISANDU', 151),
(4076, 'MWAMALOLE', 151),
(4077, 'MWAMANIMBA', 151),
(4078, 'MWAMANOGU', 151),
(4079, 'MWAMANONGU', 151),
(4080, 'MWAMISHALI', 151),
(4081, 'MWANDOYA', 151),
(4082, 'MWANGUDO', 151),
(4083, 'MWANHUZI', 151),
(4084, 'MWANJOLO', 151),
(4085, 'MWANJORO', 151),
(4086, 'MWANYAHIMA', 151),
(4087, 'MWANYAHINA', 151),
(4088, 'MWASENGELA', 151),
(4089, 'NGHOBOKO', 151),
(4090, 'NG\'HOBOKO', 151),
(4091, 'NKOMA', 151),
(4092, 'SAKASAKA', 151),
(4093, 'TINDABULIGI', 151),
(4094, 'DUNGUNYI', 152),
(4095, 'DUNG\'UNYI', 152),
(4096, 'IGHOMBWE', 152),
(4097, 'IGLANSONI', 152),
(4098, 'IHANJA', 152),
(4099, 'IKUNGI', 152),
(4100, 'IRISYA', 152),
(4101, 'ISEKE', 152),
(4102, 'ISSEKE', 152),
(4103, 'ISSUNA', 152),
(4104, 'IYUMBU', 152),
(4105, 'KIKIO', 152),
(4106, 'KITUNTU', 152),
(4107, 'LIGHWA', 152),
(4108, 'MAKILAWA', 152),
(4109, 'MAKIUNGU', 152),
(4110, 'MANGONYI', 152),
(4111, 'MANG\'ONYI', 152),
(4112, 'MGUNGIRA', 152),
(4113, 'MINYUGHE', 152),
(4114, 'MINYUNGE', 152),
(4115, 'MISUGHAA', 152),
(4116, 'MISUNGHAA', 152),
(4117, 'MKIWA', 152),
(4118, 'MTUNDURU', 152),
(4119, 'MUHINTIRI', 152),
(4120, 'MUNGAA', 152),
(4121, 'MWARU', 152),
(4122, 'NTUNTU', 152),
(4123, 'PUMA', 152),
(4124, 'SEPUKA', 152),
(4125, 'SIUYU', 152),
(4126, 'UNYAHATI', 152),
(4127, 'KASELYA', 153),
(4128, 'KIDARU', 153),
(4129, 'KINAMPANDA', 153),
(4130, 'KIOMBOI', 153),
(4131, 'KISIRIRI', 153),
(4132, 'KYENGEGE', 153),
(4133, 'KYENGENGE', 153),
(4134, 'MALUGA', 153),
(4135, 'MBELEKESE', 153),
(4136, 'MGONGO', 153),
(4137, 'MTEKENTE', 153),
(4138, 'MTOA', 153),
(4139, 'MUKULU', 153),
(4140, 'NDAGO', 153),
(4141, 'NDULUNGU', 153),
(4142, 'NTWIKE', 153),
(4143, 'OLD KIOMBOI', 153),
(4144, 'SHELUI', 153),
(4145, 'TULYA', 153),
(4146, 'ULEMO', 153),
(4147, 'URUGHU', 153),
(4148, 'AGHONDI', 154),
(4149, 'CHIKOLA', 154),
(4150, 'CHIKUYU', 154),
(4151, 'HEKA', 154),
(4152, 'IDODYANDOLE', 154),
(4153, 'IPANDE', 154),
(4154, 'ISSEKE', 154),
(4155, 'ITIGI MAJENGO', 154),
(4156, 'ITIGI MJINI', 154),
(4157, 'KALANGALI', 154),
(4158, 'KINTINKU', 154),
(4159, 'KITARAKA', 154),
(4160, 'MAJENGO', 154),
(4161, 'MAJIRI', 154),
(4162, 'MAKANDA', 154),
(4163, 'MAKURU', 154),
(4164, 'MAKUTOPORA', 154),
(4165, 'MAKUTUPORA', 154),
(4166, 'MANYONI', 154),
(4167, 'MANYONI URBAN', 154),
(4168, 'MAWENI', 154),
(4169, 'MGANDU', 154),
(4170, 'MITUNDU', 154),
(4171, 'MKWESE', 154),
(4172, 'MUHALALA', 154),
(4173, 'MWAMAGEMBE', 154),
(4174, 'NKONKO', 154),
(4175, 'RUNGWA', 154),
(4176, 'SANJARANDA', 154),
(4177, 'SANZA', 154),
(4178, 'SARANDA', 154),
(4179, 'SASAJILA', 154),
(4180, 'SASILO', 154),
(4181, 'SOLYA', 154),
(4182, 'TAMBUKARELI', 154),
(4183, 'GUMANGA', 155),
(4184, 'IBAGA', 155),
(4185, 'IGUGUNO', 155),
(4186, 'ILUNDA', 155),
(4187, 'KIKHONDA', 155),
(4188, 'KINAMPUNDU', 155),
(4189, 'KINYANGIRI', 155),
(4190, 'MATONGO', 155),
(4191, 'MIGANGA', 155),
(4192, 'MPAMBALA', 155),
(4193, 'MSINGI', 155),
(4194, 'MWANGA', 155),
(4195, 'MWANGEZA', 155),
(4196, 'NDUGUTI', 155),
(4197, 'NKALAKALA', 155),
(4198, 'NKINTO', 155),
(4199, 'TUMULI', 155),
(4200, 'IKHANODA', 156),
(4201, 'ILONGERO', 156),
(4202, 'ITAJA', 156),
(4203, 'KIJOTA', 156),
(4204, 'KINYAGIGI', 156),
(4205, 'KINYETO', 156),
(4206, 'MAGHOJOA', 156),
(4207, 'MAKURO', 156),
(4208, 'MERYA', 156),
(4209, 'MGORI', 156),
(4210, 'MRAMA', 156),
(4211, 'MSANGE', 156),
(4212, 'MSISI', 156),
(4213, 'MTINKO', 156),
(4214, 'MUDIDA', 156),
(4215, 'MUGHAMO', 156),
(4216, 'MUGHUNGA', 156),
(4217, 'MWASAUYA', 156),
(4218, 'NGIMU', 156),
(4219, 'NTONGE', 156),
(4220, 'UGHANDI', 156),
(4221, 'IPEMBE', 157),
(4222, 'KINDAI', 157),
(4223, 'KISAKI', 157),
(4224, 'MAJENGO', 157),
(4225, 'MANDEWA', 157),
(4226, 'MINGA', 157),
(4227, 'MISUNA', 157),
(4228, 'MITUNDURUNI', 157),
(4229, 'MTAMAA', 157),
(4230, 'MTIPA', 157),
(4231, 'MUGHANGA', 157),
(4232, 'MUNGUMAJI', 157),
(4233, 'MWANKOKO', 157),
(4234, 'UHAMAKA', 157),
(4235, 'UNYAMBWA', 157),
(4236, 'UNYAMIKUMBI', 157),
(4237, 'UNYIANGA', 157),
(4238, 'UTEMINI', 157),
(4239, 'BUPIGU', 158),
(4240, 'CHANGOMBE', 158),
(4241, 'CHITETE', 158),
(4242, 'GALULA', 158),
(4243, 'GUA', 158),
(4244, 'IBABA', 158),
(4245, 'IFWENKENYA', 158),
(4246, 'IKINGA', 158),
(4247, 'ISONGOLE', 158),
(4248, 'ITALE', 158),
(4249, 'ITUMBA', 158),
(4250, 'KAFULE', 158),
(4251, 'KALEMBO', 158),
(4252, 'KANGA', 158),
(4253, 'KAPALALA', 158),
(4254, 'LUBANDA', 158),
(4255, 'LUSWISI', 158),
(4256, 'MAGAMBA', 158),
(4257, 'MALANGALI', 158),
(4258, 'MANDA', 158),
(4259, 'MBANGALA', 158),
(4260, 'MBEBE', 158),
(4261, 'MBUYUNI', 158),
(4262, 'MKWAJUNI', 158),
(4263, 'MLALE', 158),
(4264, 'MPONA', 158),
(4265, 'MWAMBANI', 158),
(4266, 'NAMKUKWE', 158),
(4267, 'NDOLA', 158),
(4268, 'NGULILO', 158),
(4269, 'NGULUGULU', 158),
(4270, 'NGWALA', 158),
(4271, 'SANGE', 158),
(4272, 'SAZA', 158),
(4273, 'SONGOLE', 158),
(4274, 'TOTOWE', 158),
(4275, 'UDINDE', 158),
(4276, 'BARA', 159),
(4277, 'HALUNGU', 159),
(4278, 'HASAMBA', 159),
(4279, 'HASANGA', 159),
(4280, 'HEZYA', 159),
(4281, 'ICHENJEZYA', 159),
(4282, 'IDIWILI', 159),
(4283, 'IGAMBA', 159),
(4284, 'IHANDA', 159),
(4285, 'ILOLO', 159),
(4286, 'IPUNGA', 159),
(4287, 'ISANDULA', 159),
(4288, 'ISANSA', 159),
(4289, 'ITAKA', 159),
(4290, 'ITUMPI', 159),
(4291, 'IYULA', 159),
(4292, 'KILIMAMPIMBI', 159),
(4293, 'MAGAMBA', 159),
(4294, 'MLANGALI', 159),
(4295, 'MLOWO', 159),
(4296, 'MSIA', 159),
(4297, 'MYOVIZI', 159),
(4298, 'NAMBINZO', 159),
(4299, 'NANYALA', 159),
(4300, 'NYIMBILI', 159),
(4301, 'RUANDA', 159),
(4302, 'SHIWINGA', 159),
(4303, 'VWAWA', 159),
(4304, 'WASA', 159),
(4305, 'CHAPWA', 160),
(4306, 'CHILULUMO', 160),
(4307, 'CHIPAKA', 160),
(4308, 'CHITETE', 160),
(4309, 'CHIWEZI', 160),
(4310, 'IKANA', 160),
(4311, 'IVUNA', 160),
(4312, 'KALOLENI', 160),
(4313, 'KAMSAMBA', 160),
(4314, 'KAPELE', 160),
(4315, 'KATETE', 160),
(4316, 'MAJENGO', 160),
(4317, 'MAKAMBINI', 160),
(4318, 'MAPOROMOKO', 160),
(4319, 'MKOMBA', 160),
(4320, 'MKULWE', 160),
(4321, 'MPANDE', 160),
(4322, 'MPAPA', 160),
(4323, 'MPEMBA', 160),
(4324, 'MSANGANO', 160),
(4325, 'MUUNGANO', 160),
(4326, 'MWAKA', 160),
(4327, 'MWAKAKATI', 160),
(4328, 'MYUNGA', 160),
(4329, 'NDALAMBO', 160),
(4330, 'NKANGAMO', 160),
(4331, 'NZOKA', 160),
(4332, 'SOGEA', 160),
(4333, 'TUNDUMA', 160),
(4334, 'UWANJANI', 160),
(4335, 'CHANGOMBE', 161),
(4336, 'CHANG\'OMBE', 161),
(4337, 'GALULA', 161),
(4338, 'GUA', 161),
(4339, 'IFWENKENYA', 161),
(4340, 'KANGA', 161),
(4341, 'MAGAMBA', 161),
(4342, 'MANDA', 161),
(4343, 'MBANGALA', 161),
(4344, 'MBUYUNI', 161),
(4345, 'MKWAJUNI', 161),
(4346, 'MPONA', 161),
(4347, 'MWAMBANI', 161),
(4348, 'NAMKUKWE', 161),
(4349, 'NGWALA', 161),
(4350, 'SAZA', 161),
(4351, 'TOTOWE', 161),
(4352, 'UDINDE', 161),
(4353, 'BUKOKO', 162),
(4354, 'CHABUTWA', 162),
(4355, 'CHOMA', 162),
(4356, 'CHOMACHANKOLA', 162),
(4357, 'IBOROGELO', 162),
(4358, 'IGOWEKO', 162),
(4359, 'IGUNGA', 162),
(4360, 'IGURUBI', 162),
(4361, 'ISAKAMALIWA', 162),
(4362, 'ITUMBA', 162),
(4363, 'ITUNDURU', 162),
(4364, 'KININGINILA', 162),
(4365, 'KINING\'INILA', 162),
(4366, 'KINUNGU', 162),
(4367, 'KITANGILI', 162),
(4368, 'LUGUBU', 162),
(4369, 'MBUTU', 162),
(4370, 'MTUNGURU', 162),
(4371, 'MWAMAKOMA', 162),
(4372, 'MWAMAKONA', 162),
(4373, 'MWAMALA', 162),
(4374, 'MWAMASHIGA', 162),
(4375, 'MWAMASHIMBA', 162),
(4376, 'MWASHIKU', 162),
(4377, 'MWASHIKUMBILI', 162),
(4378, 'MWISI', 162),
(4379, 'NANGA', 162),
(4380, 'NDEBEZI', 162),
(4381, 'NDEMBEZI', 162),
(4382, 'NGULU', 162),
(4383, 'NGUVUMOJA', 162),
(4384, 'NKINGA', 162),
(4385, 'NTOBO', 162),
(4386, 'NYANDEKWA', 162),
(4387, 'SIMBO', 162),
(4388, 'SUNGWIZI', 162),
(4389, 'TAMBALALE', 162),
(4390, 'UGAKA', 162),
(4391, 'USWAYA', 162),
(4392, 'ZIBA', 162),
(4393, 'ICHEMBA', 163),
(4394, 'IGAGALA', 163),
(4395, 'IGOMBE', 163),
(4396, 'IGOMBEMKULU', 163),
(4397, 'IGWISI', 163),
(4398, 'ILEGE', 163),
(4399, 'KALIUA', 163),
(4400, 'KAMSEKWA', 163),
(4401, 'KANINDO', 163),
(4402, 'KANOGE', 163),
(4403, 'KASHISHI', 163),
(4404, 'KAZAROHO', 163),
(4405, 'KONA NNE', 163),
(4406, 'KONANNE', 163),
(4407, 'MAKINGI', 163),
(4408, 'MILAMBO', 163),
(4409, 'MKINDO', 163),
(4410, 'MWONGOZO', 163),
(4411, 'NHWANDE', 163),
(4412, 'SASU', 163),
(4413, 'SELELI', 163),
(4414, 'SILAMBO', 163),
(4415, 'UFUKUTWA', 163),
(4416, 'UGUNGA', 163),
(4417, 'UKUMBI SIGANGA', 163),
(4418, 'UKUMBISIGANGA', 163),
(4419, 'USENYE', 163),
(4420, 'USHOKOLA', 163),
(4421, 'USIMBA', 163),
(4422, 'USINGE', 163),
(4423, 'UYOWA', 163),
(4424, 'ZUGIMLOLE', 163),
(4425, 'UDUKA', 164),
(4426, 'BUDUSHI', 164),
(4427, 'BUKENE', 164),
(4428, 'IGUSULE', 164),
(4429, 'IJANIJA', 164),
(4430, 'IKINDWA', 164),
(4431, 'ISAGENHE', 164),
(4432, 'ISANZU', 164),
(4433, 'ITILO', 164),
(4434, 'ITOBO', 164),
(4435, 'KAHAMANHANLANGA', 164),
(4436, 'KAMANHALANGA', 164),
(4437, 'KARITU', 164),
(4438, 'KASELA', 164),
(4439, 'KITANGILI', 164),
(4440, 'LUSU', 164),
(4441, 'MAGENGATI', 164),
(4442, 'MAMBALI', 164),
(4443, 'MBAGWA', 164),
(4444, 'MBOGWE', 164),
(4445, 'MBUTU', 164),
(4446, 'MIGUWA', 164),
(4447, 'MILAMBO ITOBO', 164),
(4448, 'MIZIBAZIBA', 164),
(4449, 'MOGWA', 164),
(4450, 'MUHUGI', 164),
(4451, 'MWAKASHANHALA', 164),
(4452, 'MWAMALA', 164),
(4453, 'MWANGOYE', 164),
(4454, 'MWANTUNDU', 164),
(4455, 'MWANZOLI', 164),
(4456, 'MWASALA', 164),
(4457, 'NATA', 164),
(4458, 'NDALA', 164),
(4459, 'NKINIZIWA', 164),
(4460, 'NZEGA MJINI MAGHARIBI', 164),
(4461, 'NZEGA MJINI MASHARIKI', 164),
(4462, 'NZEGA NDOGO', 164),
(4463, 'PUGE', 164),
(4464, 'SEMEMBELA', 164),
(4465, 'SHIGAMBA', 164),
(4466, 'SIGILI', 164),
(4467, 'TONGI', 164),
(4468, 'UCHAMA', 164),
(4469, 'UGEMBE', 164),
(4470, 'UTWIGU', 164),
(4471, 'WELA', 164),
(4472, 'CHABUTWA', 165),
(4473, 'IGIGWA', 165),
(4474, 'IPOLE', 165),
(4475, 'KILOLELI', 165),
(4476, 'KILOLI', 165),
(4477, 'KILUMBI', 165),
(4478, 'KIPANGA', 165),
(4479, 'KIPILI', 165),
(4480, 'KISANGA', 165),
(4481, 'KITUNDA', 165),
(4482, 'MISHENI', 165),
(4483, 'MKOLYE', 165),
(4484, 'MOLE', 165),
(4485, 'MPOMBWE', 165),
(4486, 'NGOYWA', 165),
(4487, 'NYAHUA', 165),
(4488, 'PANGALE', 165),
(4489, 'SIKONGE', 165),
(4490, 'TUTUO', 165),
(4491, 'USUNGA', 165),
(4492, 'CHEMCHEM', 166),
(4493, 'CHEYO', 166),
(4494, 'GONGONI', 166),
(4495, 'IFUCHA', 166),
(4496, 'IKOMWA', 166),
(4497, 'IPULI', 166),
(4498, 'ISEVYA', 166),
(4499, 'ITETEMIA', 166),
(4500, 'ITONJANDA', 166),
(4501, 'KABILA', 166),
(4502, 'KAKOLA', 166),
(4503, 'KALUNDE', 166),
(4504, 'KANYENYE', 166),
(4505, 'KIDONGO CHEKUNDU', 166),
(4506, 'KILOLENI', 166),
(4507, 'KITETE', 166),
(4508, 'MALOLO', 166),
(4509, 'MAPAMBANO', 166),
(4510, 'MBUGANI', 166),
(4511, 'MISHA', 166),
(4512, 'MPELA', 166),
(4513, 'MTENDENI', 166),
(4514, 'MWINYI', 166),
(4515, 'NDEVELWA', 166),
(4516, 'NG\'AMBO', 166),
(4517, 'NTALIKWA', 166),
(4518, 'TAMBUKARELI', 166),
(4519, 'TUMBI', 166),
(4520, 'USUHILO', 166),
(4521, 'UYUI', 166),
(4522, 'IMALAMAKOYE', 166),
(4523, 'ITUNDU', 167),
(4524, 'KAPILULA', 167),
(4525, 'KASISI', 167),
(4526, 'KILOLENI', 167),
(4527, 'KIYUNGI', 167),
(4528, 'MCHIKICHINI', 167),
(4529, 'MUUNGANO', 167),
(4530, 'NSENDA', 167),
(4531, 'SONGAMBELE', 167),
(4532, 'UGALA', 167),
(4533, 'UGALLA', 167),
(4534, 'UKONDAMOYO', 167),
(4535, 'URAMBO', 167),
(4536, 'USISYA', 167),
(4537, 'USSOKE', 167),
(4538, 'UYOGO', 167),
(4539, 'UYONGO', 167),
(4540, 'UYUMBU', 167),
(4541, 'VUMILIA', 167),
(4542, 'BUKUMBI', 168),
(4543, 'GOWEKO', 168),
(4544, 'IBELAMILUNDI', 168),
(4545, 'IBIRI', 168),
(4546, 'IGALULA', 168),
(4547, 'IGULUNGU', 168),
(4548, 'IKONGOLO', 168),
(4549, 'ILOLANGULU', 168),
(4550, 'ISIKIZYA', 168),
(4551, 'ISILA', 168),
(4552, 'KAKOLA', 168),
(4553, 'KALOLA', 168),
(4554, 'KIGWA', 168),
(4555, 'KIZENGI', 168),
(4556, 'LOYA', 168),
(4557, 'LUTENDE', 168),
(4558, 'MABAMA', 168),
(4559, 'MAGIRI', 168),
(4560, 'MAKAZI', 168),
(4561, 'MISWAKI', 168),
(4562, 'MIYENZE', 168),
(4563, 'MMALE', 168),
(4564, 'NDONO', 168),
(4565, 'NSIMBO', 168),
(4566, 'NSOLOLO', 168),
(4567, 'NZUBUKA', 168),
(4568, 'SHITAGE', 168),
(4569, 'TURA', 168),
(4570, 'UFULUMA', 168),
(4571, 'UPUGE', 168),
(4572, 'USAGALI', 168),
(4573, 'USAGARI', 168),
(4574, 'CHANIKA', 169),
(4575, 'KABUKI', 169),
(4576, 'KABUKI NDANI', 169),
(4577, 'KABUKU', 169),
(4578, 'KABUKU NDANI', 169),
(4579, 'KANGATA', 169),
(4580, 'KANG\'ATA', 169),
(4581, 'KIDELEKO', 169),
(4582, 'KITUMBI', 169),
(4583, 'KIVA', 169),
(4584, 'KOMKONGA', 169),
(4585, 'KONJE', 169),
(4586, 'KWACHAGA', 169),
(4587, 'KWALUGULU', 169),
(4588, 'KWALUGURU', 169),
(4589, 'KWAMAGOME', 169),
(4590, 'KWAMATUKU', 169),
(4591, 'KWAMGWE', 169),
(4592, 'KWAMKONJE', 169),
(4593, 'KWAMSISI', 169),
(4594, 'KWANKONJE', 169),
(4595, 'KWASUNGA', 169),
(4596, 'KWEDIYAMBA', 169),
(4597, 'KWEDIZINGA', 169),
(4598, 'KWENJUGO', 169);
INSERT INTO `wards` (`wardId`, `wardName`, `fkDistrictId`) VALUES
(4599, 'MABANDA', 169),
(4600, 'MALEZI', 169),
(4601, 'MAZINGARA', 169),
(4602, 'MDOE', 169),
(4603, 'MGAMBO', 169),
(4604, 'MISIMA', 169),
(4605, 'MKATA', 169),
(4606, 'MLIMANI', 169),
(4607, 'MSASA', 169),
(4608, 'NDOLWA', 169),
(4609, 'SEGERA', 169),
(4610, 'SINDENI', 169),
(4611, 'VIBAONI', 169),
(4612, 'BOKWA', 170),
(4613, 'JAILA', 170),
(4614, 'KIBIRASHI', 170),
(4615, 'KIKUNDE', 170),
(4616, 'KILINDI', 170),
(4617, 'KILWA', 170),
(4618, 'KIMBE', 170),
(4619, 'KISANGASA', 170),
(4620, 'KWEDIBOMA', 170),
(4621, 'KWEKIVU', 170),
(4622, 'LWANDE', 170),
(4623, 'MABALANGA', 170),
(4624, 'MASAGALU', 170),
(4625, 'MKINDI', 170),
(4626, 'MSANJA', 170),
(4627, 'MVUNGWE', 170),
(4628, 'NEGERO', 170),
(4629, 'PAGWI', 170),
(4630, 'SAUNYI', 170),
(4631, 'SONGE', 170),
(4632, 'TUNGULI', 170),
(4633, 'BAGAMOYO', 171),
(4634, 'BUNGU', 171),
(4635, 'CHEKELEI', 171),
(4636, 'DINDIRA', 171),
(4637, 'FOROFORO', 171),
(4638, 'HALE', 171),
(4639, 'KALALANI', 171),
(4640, 'KERENGE', 171),
(4641, 'KILOLE', 171),
(4642, 'KIZARA', 171),
(4643, 'KWAGUNDA', 171),
(4644, 'KWALUKONGE', 171),
(4645, 'KWAMNDOLWA', 171),
(4646, 'KWAMSISI', 171),
(4647, 'KWASHEMSHI', 171),
(4648, 'LEEWA', 171),
(4649, 'LEWA', 171),
(4650, 'LUTINDI', 171),
(4651, 'MAGAMBA KWALUKONGE', 171),
(4652, 'MAGILA GEREZA', 171),
(4653, 'MAGOMA', 171),
(4654, 'MAGUNGA', 171),
(4655, 'MAJENGO', 171),
(4656, 'MAKUMBA', 171),
(4657, 'MAKUYUNI', 171),
(4658, 'MANUNDU', 171),
(4659, 'MASHEWA', 171),
(4660, 'MASUGURU', 171),
(4661, 'MAZINDE', 171),
(4662, 'MGOMBEZI', 171),
(4663, 'MGWASHI', 171),
(4664, 'MKALAMO', 171),
(4665, 'MKOMAZI', 171),
(4666, 'MKUMBALA', 171),
(4667, 'MKUMBARA', 171),
(4668, 'MLUNGUI', 171),
(4669, 'MNYUZI', 171),
(4670, 'MOMBO', 171),
(4671, 'MPALE', 171),
(4672, 'MSWAHA', 171),
(4673, 'MTONGA', 171),
(4674, 'OLD KOROGWE', 171),
(4675, 'VUGIRI', 171),
(4676, 'KWAMNDOLWA', 172),
(4677, 'KWAMNGUMI', 172),
(4678, 'KWAMSISI', 172),
(4679, 'KWANDULI', 172),
(4680, 'MAGUNGA', 172),
(4681, 'MAJENGO', 172),
(4682, 'MANUNDU', 172),
(4683, 'MASUGURU', 172),
(4684, 'MGOMBEZI', 172),
(4685, 'MTONGA', 172),
(4686, 'OLD KOROGWE', 172),
(4687, 'MAMBA', 173),
(4688, 'BAGA', 173),
(4689, 'BUMBULI', 173),
(4690, 'DULE B', 173),
(4691, 'DULE M', 173),
(4692, 'FUNTA', 173),
(4693, 'GARE', 173),
(4694, 'HEMTOYE', 173),
(4695, 'KILOLE', 173),
(4696, 'KISIWANI', 173),
(4697, 'KWAI', 173),
(4698, 'KWEKANGA', 173),
(4699, 'KWEMASHAI', 173),
(4700, 'KWEMKOMOLE', 173),
(4701, 'KWEMSHASHA', 173),
(4702, 'LUKOZI', 173),
(4703, 'LUNGUZA', 173),
(4704, 'LUSHOTO', 173),
(4705, 'MAGAMBA', 173),
(4706, 'MAHEZANGULU', 173),
(4707, 'MAKANYA', 173),
(4708, 'MALIBWI', 173),
(4709, 'MALINDI', 173),
(4710, 'MANOLO', 173),
(4711, 'MAYO', 173),
(4712, 'MBARAMO', 173),
(4713, 'MBARU', 173),
(4714, 'MBUZII', 173),
(4715, 'MBWEI', 173),
(4716, 'MGWASHI', 173),
(4717, 'MIGAMBO', 173),
(4718, 'MILINGANO', 173),
(4719, 'MLALO', 173),
(4720, 'MLOLA', 173),
(4721, 'MNAZI', 173),
(4722, 'MNG\'ARO', 173),
(4723, 'MPONDE', 173),
(4724, 'MTAE', 173),
(4725, 'MWANGOI', 173),
(4726, 'NGULWI', 173),
(4727, 'NGWELO', 173),
(4728, 'NKONGOI', 173),
(4729, 'RANGWI', 173),
(4730, 'SHAGAYU', 173),
(4731, 'SHUME', 173),
(4732, 'SONI', 173),
(4733, 'SUNGA', 173),
(4734, 'TAMOTA', 173),
(4735, 'UBIRI', 173),
(4736, 'USAMBARA', 173),
(4737, 'VUGA', 173),
(4738, 'MAYOMBONI', 174),
(4739, 'BOMA', 174),
(4740, 'BOSHA', 174),
(4741, 'BWITI', 174),
(4742, 'DALUNI', 174),
(4743, 'DODA', 174),
(4744, 'DUGA', 174),
(4745, 'GOMBERO', 174),
(4746, 'K/MAGHARIBI', 174),
(4747, 'K/MASHARIKI', 174),
(4748, 'KIGONGOI MAGHARIBI', 174),
(4749, 'KIGONGOI MASHARIKI', 174),
(4750, 'KWALE', 174),
(4751, 'MANZA', 174),
(4752, 'MAPATANO', 174),
(4753, 'MARAMBA', 174),
(4754, 'MHINDURO', 174),
(4755, 'MKINGA', 174),
(4756, 'MNYENZANI', 174),
(4757, 'MOA', 174),
(4758, 'MTIMBWANI', 174),
(4759, 'MWAKIJEMBE', 174),
(4760, 'PARUNGU KASERA', 174),
(4761, 'SIGAYA', 174),
(4762, 'KWEZITU', 175),
(4763, 'AMANI', 175),
(4764, 'BWEMBWERA', 175),
(4765, 'GENGE', 175),
(4766, 'KICHEBA', 175),
(4767, 'KIGOMBE', 175),
(4768, 'KILULU', 175),
(4769, 'KISIWANI', 175),
(4770, 'KWABADA', 175),
(4771, 'KWAFUNGO', 175),
(4772, 'KWAKIFUA', 175),
(4773, 'KWAMKABARA', 175),
(4774, 'KWEMINGOJI', 175),
(4775, 'KWEMKABALA', 175),
(4776, 'LUSANGA', 175),
(4777, 'MAGILA', 175),
(4778, 'MAGOROTO', 175),
(4779, 'MAJENGO', 175),
(4780, 'MAKOLE', 175),
(4781, 'MASUGURU', 175),
(4782, 'MBARAMBO', 175),
(4783, 'MBARAMO', 175),
(4784, 'MBOMOLE', 175),
(4785, 'MHAMBA', 175),
(4786, 'MISALAI', 175),
(4787, 'MISOZWE', 175),
(4788, 'MKUZI', 175),
(4789, 'MLINGANO', 175),
(4790, 'MPAPAYU', 175),
(4791, 'MTINDIRO', 175),
(4792, 'NGOMENI', 175),
(4793, 'NKUMBA', 175),
(4794, 'PANDE DARAJANI', 175),
(4795, 'POTWE', 175),
(4796, 'SONGA', 175),
(4797, 'TANGANYIKA', 175),
(4798, 'TINGENI', 175),
(4799, 'TONGWE', 175),
(4800, 'ZIRAI', 175),
(4801, 'BUSHIRI', 176),
(4802, 'BWENI', 176),
(4803, 'KIMANGA', 176),
(4804, 'KIMANG\'A', 176),
(4805, 'KIPUMBWI', 176),
(4806, 'MADANGA', 176),
(4807, 'MASAIKA', 176),
(4808, 'MIKINGUNI', 176),
(4809, 'MKALAMO', 176),
(4810, 'MKWAJA', 176),
(4811, 'MWERA', 176),
(4812, 'NUJUBGYBU', 176),
(4813, 'PANGANI MAGHARIBI', 176),
(4814, 'PANGANI MASHARIKI', 176),
(4815, 'TUNGAMAA', 176),
(4816, 'UBANGAA', 176),
(4817, 'CENTRAL', 177),
(4818, 'CHONGOLEANI', 177),
(4819, 'CHUMBAGENI', 177),
(4820, 'DUGA', 177),
(4821, 'KIOMONI', 177),
(4822, 'KIRARE', 177),
(4823, 'MABAWA', 177),
(4824, 'MABOKWENI', 177),
(4825, 'MAGAONI', 177),
(4826, 'MAJENGO', 177),
(4827, 'MAKORORA', 177),
(4828, 'MARUNGU', 177),
(4829, 'MASIWANI', 177),
(4830, 'MAWENI', 177),
(4831, 'MNYANJANI', 177),
(4832, 'MSAMBWENI', 177),
(4833, 'MWANZANGE', 177),
(4834, 'MZINGANI', 177),
(4835, 'MZIZIMA', 177),
(4836, 'NGAMIANI KASKAZINI', 177),
(4837, 'NGAMIANI KATI', 177),
(4838, 'NGAMIANI KUSINI', 177),
(4839, 'NGUVUMALI', 177),
(4840, 'PONGWE', 177),
(4841, 'TANGASISI', 177),
(4842, 'TONGONI', 177),
(4843, 'USAGARA', 177),
(4844, 'CENTRAL', 178),
(4845, 'CHONGOLEANI', 178),
(4846, 'CHUMBAGENI', 178),
(4847, 'DUGA', 178),
(4848, 'KIRARE', 178),
(4849, 'MABAWA', 178),
(4850, 'MAGAONI', 178),
(4851, 'MAJENGO', 178),
(4852, 'MAKORORA', 178),
(4853, 'MARUNGU', 178),
(4854, 'MASIWANI', 178),
(4855, 'MNYANJANI', 178),
(4856, 'MSAMBWENI', 178),
(4857, 'MWANZANGE', 178),
(4858, 'MZINGANI', 178),
(4859, 'MZIZIMA', 178),
(4860, 'NGAMIANI KASKAZINI', 178),
(4861, 'NGAMIANI KATI', 178),
(4862, 'NGAMIANI KUSINI', 178),
(4863, 'NGAMIANI KUSINI', 178),
(4864, 'NGUVUMALI', 178),
(4865, 'PONGWE', 178),
(4866, 'T0NGONI', 178),
(4867, 'TANGASISI', 178),
(4868, 'USAGARA', 178);

--
-- Constraints for dumped tables
--

--
-- Constraints for table `cart`
--
ALTER TABLE `cart`
  ADD CONSTRAINT `cart_ibfk_1` FOREIGN KEY (`usersId`) REFERENCES `users` (`userId`) ON DELETE NO ACTION ON UPDATE NO ACTION,
  ADD CONSTRAINT `cart_ibfk_2` FOREIGN KEY (`productFkId`) REFERENCES `products` (`productsId`) ON DELETE NO ACTION ON UPDATE NO ACTION;

--
-- Constraints for table `districts`
--
ALTER TABLE `districts`
  ADD CONSTRAINT `districts_ibfk_1` FOREIGN KEY (`fkRegionId`) REFERENCES `regions` (`regionId`) ON DELETE NO ACTION ON UPDATE NO ACTION;

--
-- Constraints for table `employee`
--
ALTER TABLE `employee`
  ADD CONSTRAINT `employee_ibfk_1` FOREIGN KEY (`employeeDepartmentId`) REFERENCES `departments` (`departmentsId`) ON DELETE NO ACTION ON UPDATE NO ACTION,
  ADD CONSTRAINT `employee_ibfk_2` FOREIGN KEY (`employeedBar`) REFERENCES `bar` (`barId`) ON DELETE NO ACTION ON UPDATE NO ACTION;

--
-- Constraints for table `orders`
--
ALTER TABLE `orders`
  ADD CONSTRAINT `orders_ibfk_1` FOREIGN KEY (`cartFkId`) REFERENCES `cart` (`cartId`) ON DELETE NO ACTION ON UPDATE NO ACTION;

--
-- Constraints for table `payment`
--
ALTER TABLE `payment`
  ADD CONSTRAINT `payment_ibfk_1` FOREIGN KEY (`orderId`) REFERENCES `orders` (`ordersId`) ON DELETE NO ACTION ON UPDATE NO ACTION;

--
-- Constraints for table `products`
--
ALTER TABLE `products`
  ADD CONSTRAINT `products_ibfk_1` FOREIGN KEY (`barId`) REFERENCES `bar` (`barId`) ON DELETE NO ACTION ON UPDATE NO ACTION,
  ADD CONSTRAINT `products_ibfk_2` FOREIGN KEY (`productsImageId`) REFERENCES `images` (`imagesId`) ON DELETE NO ACTION ON UPDATE NO ACTION;

--
-- Constraints for table `reservations`
--
ALTER TABLE `reservations`
  ADD CONSTRAINT `reservations_ibfk_1` FOREIGN KEY (`reservationBar`) REFERENCES `bar` (`barId`) ON DELETE NO ACTION ON UPDATE SET NULL;

--
-- Constraints for table `sales`
--
ALTER TABLE `sales`
  ADD CONSTRAINT `sales_ibfk_1` FOREIGN KEY (`paymentId`) REFERENCES `payment` (`paymentId`) ON DELETE NO ACTION ON UPDATE NO ACTION;

--
-- Constraints for table `wards`
--
ALTER TABLE `wards`
  ADD CONSTRAINT `wards_ibfk_1` FOREIGN KEY (`fkDistrictId`) REFERENCES `districts` (`districtId`) ON DELETE NO ACTION ON UPDATE NO ACTION;
COMMIT;

/*!40101 SET CHARACTER_SET_CLIENT=@OLD_CHARACTER_SET_CLIENT */;
/*!40101 SET CHARACTER_SET_RESULTS=@OLD_CHARACTER_SET_RESULTS */;
/*!40101 SET COLLATION_CONNECTION=@OLD_COLLATION_CONNECTION */;
